-- phpMyAdmin SQL Dump
-- version 4.5.1
-- http://www.phpmyadmin.net
--
-- Host: 127.0.0.1
-- Generation Time: Jul 29, 2017 at 07:00 AM
-- Server version: 10.1.13-MariaDB
-- PHP Version: 7.0.5

SET SQL_MODE = "NO_AUTO_VALUE_ON_ZERO";
SET time_zone = "+00:00";


/*!40101 SET @OLD_CHARACTER_SET_CLIENT=@@CHARACTER_SET_CLIENT */;
/*!40101 SET @OLD_CHARACTER_SET_RESULTS=@@CHARACTER_SET_RESULTS */;
/*!40101 SET @OLD_COLLATION_CONNECTION=@@COLLATION_CONNECTION */;
/*!40101 SET NAMES utf8mb4 */;

--
-- Database: `vecoms`
--

-- --------------------------------------------------------

--
-- Table structure for table `bengkel`
--

CREATE TABLE `bengkel` (
  `id_bkl` int(11) NOT NULL,
  `kode_bkl` varchar(11) NOT NULL,
  `nama_bkl` varchar(25) NOT NULL,
  `alamat` text NOT NULL,
  `no_telp` varchar(25) NOT NULL,
  `contact_person` varchar(50) NOT NULL,
  `no_kontrak` varchar(30) NOT NULL,
  `tgl_berlaku_kontrak` date NOT NULL
) ENGINE=InnoDB DEFAULT CHARSET=utf8;

--
-- Dumping data for table `bengkel`
--

INSERT INTO `bengkel` (`id_bkl`, `kode_bkl`, `nama_bkl`, `alamat`, `no_telp`, `contact_person`, `no_kontrak`, `tgl_berlaku_kontrak`) VALUES
(3, 'BKL-5611175', 'Cipendawa Motor', 'Jl. Pelabuhan II', '', 'Nita', '005/EPM-BKL/III/2017', '2018-04-30'),
(4, 'BKL-1806174', 'Pelangi Ban', 'Jl. Bhayangkara No. 111, Gunungpuyuh', '0266 222465', 'Bp. Adit', '-', '2018-01-05'),
(5, 'BKL-0727174', 'Auto 2000', 'Jl. Sukarno Hatta No. 145, Bandung', '022-6022000', '-', '-', '2017-07-04');

-- --------------------------------------------------------

--
-- Table structure for table `bensin`
--

CREATE TABLE `bensin` (
  `id_bensin` int(11) NOT NULL,
  `id_mobil` int(11) NOT NULL,
  `id_peg` int(11) NOT NULL,
  `bensin` float NOT NULL,
  `km_bensin` float NOT NULL,
  `harga` bigint(20) NOT NULL,
  `datetime` datetime NOT NULL DEFAULT CURRENT_TIMESTAMP,
  `tgl_isi` datetime NOT NULL,
  `rasio` float NOT NULL
) ENGINE=InnoDB DEFAULT CHARSET=utf8;

--
-- Dumping data for table `bensin`
--

INSERT INTO `bensin` (`id_bensin`, `id_mobil`, `id_peg`, `bensin`, `km_bensin`, `harga`, `datetime`, `tgl_isi`, `rasio`) VALUES
(2, 17, 19, 40.794, 70231, 267200, '2017-06-13 14:25:10', '2017-06-13 14:25:10', 10.933),
(4, 17, 19, 33.333, 70677, 218331, '2017-06-21 09:55:14', '2017-06-21 09:55:14', 12.2401),
(6, 1, 1, 20, 69233, 131000, '2017-06-21 14:01:39', '2017-06-21 14:01:39', 8.75),
(7, 1, 1, 27, 69408, 176850, '2017-06-24 10:30:55', '2017-06-24 10:30:55', 16.4815),
(8, 1, 1, 29.5, 69853, 193225, '2017-06-29 09:13:35', '2017-06-29 09:13:35', 42.2712),
(9, 17, 19, 15.267, 71085, 99998, '2017-07-01 10:13:30', '2017-07-01 10:13:30', 10.4801),
(10, 17, 19, 41.022, 71245, 268694, '2017-07-01 10:13:58', '2017-07-01 10:13:58', 12.0911),
(11, 17, 19, 13.33, 71741, 87311, '2017-07-01 10:14:22', '2017-07-01 10:14:22', 6.82671),
(12, 17, 19, 38.19, 71832, 250144, '2017-07-04 15:43:22', '2017-07-04 15:43:22', 10.2121),
(13, 17, 19, 32.574, 72222, 213359, '2017-07-12 16:30:28', '2017-07-12 16:30:28', 14.9506),
(16, 1, 1, 27.2, 71100, 178455, '2017-07-15 08:09:27', '2017-07-14 00:00:00', 0),
(17, 17, 19, 26.66, 72709, 200000, '2017-07-24 11:05:19', '2017-07-15 00:00:00', 12.078),
(18, 17, 19, 22.9, 73031, 150000, '2017-07-28 16:07:49', '2017-07-26 00:00:00', 13.8865),
(19, 17, 19, 41.343, 73349, 270797, '2017-07-28 16:08:16', '2017-07-28 00:00:00', 0);

-- --------------------------------------------------------

--
-- Table structure for table `detail_gs`
--

CREATE TABLE `detail_gs` (
  `id_detail` int(11) NOT NULL,
  `kode_spr` varchar(13) NOT NULL,
  `id_mobil` int(11) NOT NULL,
  `tgl_ganti` datetime NOT NULL DEFAULT CURRENT_TIMESTAMP,
  `id_sprt` int(11) NOT NULL,
  `nama_sprt` varchar(30) NOT NULL,
  `arr_kode_ban` text NOT NULL,
  `harga_sprt` bigint(30) NOT NULL,
  `jumlah` int(11) NOT NULL,
  `tax` bigint(30) NOT NULL
) ENGINE=InnoDB DEFAULT CHARSET=utf8;

--
-- Dumping data for table `detail_gs`
--

INSERT INTO `detail_gs` (`id_detail`, `kode_spr`, `id_mobil`, `tgl_ganti`, `id_sprt`, `nama_sprt`, `arr_kode_ban`, `harga_sprt`, `jumlah`, `tax`) VALUES
(1, 'SPR-551317383', 17, '2017-06-13 14:44:54', 16, 'Ban', '', 450000, 2, 90000),
(3, 'SPR-362917520', 8, '2017-06-29 11:09:36', 17, 'Oil Filter', '', 100000, 1, 10000),
(4, 'SPR-362917520', 8, '2017-06-29 11:09:49', 18, 'Air Filter', '', 150000, 1, 15000),
(5, 'SPR-362917520', 8, '2017-06-29 11:10:05', 20, 'Aki', '', 5000, 4, 2000),
(6, 'SPR-362917520', 8, '2017-06-29 11:11:20', 21, 'Lampu Rem', '', 50000, 1, 5000),
(7, 'SPR-350417754', 11, '2017-07-04 10:08:49', 21, 'Lampu Rem', '', 50000, 1, 5000),
(8, 'SPR-350417754', 11, '2017-07-04 10:09:03', 22, 'Lampu Box', '', 25000, 1, 2500),
(9, 'SPR-350417754', 11, '2017-07-04 10:09:18', 23, 'Minyak Rem', '', 175000, 1, 17500),
(10, 'SPR-350417754', 11, '2017-07-04 10:09:27', 20, 'Aki', '', 5000, 12, 6000),
(11, 'SPR-581217155', 10, '2017-07-12 13:58:37', 17, 'Oil Filter', '', 100000, 1, 10000),
(13, 'SPR-411417403', 8, '2017-07-14 10:45:32', 25, 'Master Rem', '', 1370000, 2, 274000),
(14, 'SPR-411417403', 8, '2017-07-14 10:45:44', 26, 'Pompa Rem', '', 1370000, 2, 274000),
(15, 'SPR-092217666', 10, '2017-07-21 15:45:03', 23, 'Minyak Rem', '', 175000, 1, 17500),
(16, 'SPR-092217666', 10, '2017-07-21 15:45:21', 28, 'Karet Rem', '', 10000, 4, 4000),
(17, 'SPR-272217090', 16, '2017-07-22 13:06:07', 27, 'Stabilizer Link', '', 750000, 1, 75000),
(18, 'SPR-012617877', 0, '2017-07-26 12:38:31', 18, 'Air Filter', '', 150000, 1, 15000),
(19, 'SPR-012617877', 0, '2017-07-26 14:19:10', 29, 'Filter Solar', '', 175000, 1, 17500),
(20, 'SPR-502717524', 7, '2017-07-27 09:33:35', 30, 'Klakson', '', 75000, 1, 7500),
(21, 'SPR-012717104', 1, '2017-07-27 11:38:42', 31, 'Oil Filter', '', 28500, 1, 2850),
(22, 'SPR-012717104', 1, '2017-07-27 11:39:07', 32, 'TMO SYN', '', 323000, 1, 32300),
(23, 'SPR-012717104', 1, '2017-07-27 11:39:25', 33, 'Break Cleaner', '', 57427, 1, 5743),
(24, 'SPR-012717104', 1, '2017-07-27 11:39:40', 34, 'Engine Flush', '', 57427, 1, 5743),
(25, 'SPR-012717104', 1, '2017-07-27 11:39:54', 35, 'Injector Carbon', '', 207406, 1, 20741),
(26, 'SPR-012717104', 1, '2017-07-27 11:40:07', 36, 'Disc Clutch', '', 503500, 1, 50350),
(27, 'SPR-012717104', 1, '2017-07-27 11:40:37', 37, 'Bearing Clutch', '', 313500, 1, 31350),
(28, 'SPR-012717104', 1, '2017-07-27 11:40:52', 38, 'Cable Clutch', '', 218500, 1, 21850),
(29, 'SPR-012717104', 1, '2017-07-27 11:46:13', 39, 'Cover Clutch', '', 451250, 1, 45125),
(30, 'SPR-022817603', 16, '2017-07-28 13:43:30', 40, 'Lakher', '', 50000, 2, 10000),
(31, 'SPR-272917168', 14, '2017-07-29 09:18:18', 29, 'Filter Solar', '', 175000, 1, 17500);

-- --------------------------------------------------------

--
-- Table structure for table `detail_service`
--

CREATE TABLE `detail_service` (
  `id_detail` int(11) NOT NULL,
  `kode_svc` varchar(13) NOT NULL,
  `id_mobil` int(11) NOT NULL,
  `km` int(20) NOT NULL,
  `id_serv` int(11) NOT NULL,
  `nama_serv` varchar(30) NOT NULL,
  `harga_serv` bigint(30) NOT NULL,
  `tax` bigint(30) NOT NULL
) ENGINE=InnoDB DEFAULT CHARSET=utf8;

--
-- Dumping data for table `detail_service`
--

INSERT INTO `detail_service` (`id_detail`, `kode_svc`, `id_mobil`, `km`, `id_serv`, `nama_serv`, `harga_serv`, `tax`) VALUES
(1, 'SVC-381517516', 17, 70521, 1, 'Service Mesin', 1500000, 150000),
(2, 'SVC-381517516', 17, 70521, 2, 'Ganti Oli', 500000, 50000),
(3, 'SVC-381517516', 17, 70521, 7, 'Spooring', 214500, 21450),
(4, 'SVC-381517516', 17, 70521, 8, 'Balancing', 85800, 8580),
(7, 'SVC-092417567', 16, 204884, 9, 'Ganti Oli', 300000, 30000),
(9, 'SVC-432917461', 8, 96286, 10, 'Stel Rem', 25000, 2500),
(10, 'SVC-041217299', 10, 64563, 9, 'Ganti Oli', 300000, 30000),
(11, 'SVC-041217299', 10, 64563, 10, 'Stel Rem', 25000, 2500),
(18, 'SVC-451417063', 8, 109543, 9, 'Ganti Oli', 300000, 30000),
(19, 'SVC-272717551', 1, 71257, 11, 'Service Mesin', 468683, 46868),
(20, 'SVC-272717551', 1, 71257, 12, 'Cover Clutch & Release', 611325, 61133),
(24, 'SVC-172917025', 14, 55136, 9, 'Ganti Oli', 300000, 30000),
(25, 'SVC-172917025', 14, 55136, 6, 'Service Mesin', 350000, 35000);

-- --------------------------------------------------------

--
-- Table structure for table `direktorat`
--

CREATE TABLE `direktorat` (
  `id_dir` int(11) NOT NULL,
  `kode_dir` int(4) NOT NULL,
  `direktorat` varchar(12) NOT NULL,
  `deskripsi` text NOT NULL
) ENGINE=InnoDB DEFAULT CHARSET=utf8;

--
-- Dumping data for table `direktorat`
--

INSERT INTO `direktorat` (`id_dir`, `kode_dir`, `direktorat`, `deskripsi`) VALUES
(1, 2101, 'DNS', 'DBM & Staff'),
(2, 1111, 'PHM', 'Pharmamed'),
(3, 1152, 'KND', 'Kalbe Nutrition Division'),
(4, 1162, 'CHD', 'Consumer Health Division'),
(5, 1211, 'CHB', 'Consumer Health & Beauty'),
(6, 2352, 'TRP', 'Transportation');

-- --------------------------------------------------------

--
-- Table structure for table `ganti_sparepart`
--

CREATE TABLE `ganti_sparepart` (
  `id_spr` int(11) NOT NULL,
  `kode_spr` varchar(13) NOT NULL,
  `id_mobil` int(11) NOT NULL,
  `id_bkl` int(11) NOT NULL,
  `req_date` datetime NOT NULL DEFAULT CURRENT_TIMESTAMP,
  `app1_date` datetime NOT NULL,
  `app2_date` datetime NOT NULL,
  `closed_date` datetime NOT NULL,
  `status` enum('REQUESTED','APPROVED_1','APPROVED_2','CLOSED') NOT NULL DEFAULT 'REQUESTED',
  `cost_est` bigint(30) NOT NULL,
  `kodeuser` varchar(10) NOT NULL,
  `tax` bigint(30) NOT NULL
) ENGINE=InnoDB DEFAULT CHARSET=utf8;

--
-- Dumping data for table `ganti_sparepart`
--

INSERT INTO `ganti_sparepart` (`id_spr`, `kode_spr`, `id_mobil`, `id_bkl`, `req_date`, `app1_date`, `app2_date`, `closed_date`, `status`, `cost_est`, `kodeuser`, `tax`) VALUES
(1, 'SPR-551317383', 17, 4, '2017-06-13 14:43:07', '2017-06-13 14:50:35', '2017-06-13 14:50:38', '0000-00-00 00:00:00', 'APPROVED_2', 900000, 'US-3523179', 90000),
(3, 'SPR-362917520', 8, 3, '2017-06-29 09:36:49', '2017-06-29 11:15:44', '2017-07-04 10:15:45', '0000-00-00 00:00:00', 'APPROVED_2', 320000, 'US-1623171', 32000),
(4, 'SPR-350417754', 11, 3, '2017-07-04 09:56:56', '2017-07-04 10:15:31', '2017-07-04 10:15:52', '0000-00-00 00:00:00', 'APPROVED_2', 310000, 'US-1623171', 31000),
(5, 'SPR-581217155', 10, 3, '2017-07-12 13:57:50', '2017-07-14 11:45:45', '2017-07-15 08:51:06', '0000-00-00 00:00:00', 'APPROVED_2', 100000, 'US-2123179', 10000),
(7, 'SPR-411417403', 8, 3, '2017-07-14 10:43:55', '2017-07-14 11:46:18', '2017-07-15 08:51:14', '0000-00-00 00:00:00', 'APPROVED_2', 5480000, 'US-1623171', 548000),
(8, 'SPR-361817662', 12, 0, '2017-07-18 22:29:44', '0000-00-00 00:00:00', '0000-00-00 00:00:00', '0000-00-00 00:00:00', 'REQUESTED', 0, 'US-0908164', 0),
(9, 'SPR-092217666', 10, 3, '2017-07-21 15:43:16', '2017-07-22 05:46:00', '2017-07-22 05:47:40', '0000-00-00 00:00:00', 'APPROVED_2', 215000, 'US-2123179', 21500),
(10, 'SPR-272217090', 16, 3, '2017-07-22 13:00:34', '2017-07-28 13:34:27', '2017-07-29 09:22:59', '0000-00-00 00:00:00', 'APPROVED_2', 750000, 'US-1623171', 75000),
(21, 'SPR-012617877', 10, 3, '2017-07-26 09:02:10', '2017-07-28 13:35:39', '2017-07-29 08:50:45', '0000-00-00 00:00:00', 'APPROVED_2', 325000, 'US-2123179', 32500),
(22, 'SPR-502717524', 7, 3, '2017-07-27 09:31:58', '2017-07-28 13:36:05', '2017-07-29 09:11:17', '0000-00-00 00:00:00', 'APPROVED_2', 75000, 'US-1623171', 7500),
(23, 'SPR-012717104', 1, 5, '2017-07-27 11:37:08', '2017-07-28 13:36:25', '2017-07-29 09:11:05', '0000-00-00 00:00:00', 'APPROVED_2', 2160510, 'US-0823177', 216052),
(24, 'SPR-022817603', 16, 3, '2017-07-28 13:43:10', '2017-07-29 08:38:25', '2017-07-29 08:51:22', '0000-00-00 00:00:00', 'APPROVED_2', 100000, 'US-1623171', 10000),
(25, 'SPR-272917168', 14, 3, '2017-07-29 09:17:43', '2017-07-29 09:24:29', '2017-07-29 09:33:43', '0000-00-00 00:00:00', 'APPROVED_2', 175000, 'US-3523179', 17500);

-- --------------------------------------------------------

--
-- Table structure for table `kat_service`
--

CREATE TABLE `kat_service` (
  `id_serv` int(11) NOT NULL,
  `id_bkl` int(11) NOT NULL,
  `nama_serv` varchar(30) NOT NULL,
  `harga_serv` bigint(30) NOT NULL
) ENGINE=InnoDB DEFAULT CHARSET=utf8;

--
-- Dumping data for table `kat_service`
--

INSERT INTO `kat_service` (`id_serv`, `id_bkl`, `nama_serv`, `harga_serv`) VALUES
(6, 3, 'Service Mesin', 350000),
(9, 3, 'Ganti Oli', 300000),
(10, 3, 'Stel Rem', 25000),
(11, 5, 'Service Mesin', 468683),
(12, 5, 'Cover Clutch & Release', 611325);

-- --------------------------------------------------------

--
-- Table structure for table `kilometer`
--

CREATE TABLE `kilometer` (
  `id_km` int(11) NOT NULL,
  `id_mobil` int(11) NOT NULL,
  `id_peg` int(11) NOT NULL,
  `km_brkt` float NOT NULL,
  `jam_brkt` datetime NOT NULL,
  `km_plg` float NOT NULL,
  `jam_plg` datetime NOT NULL,
  `jarak_tempuh` float NOT NULL,
  `solar_1` float NOT NULL,
  `km_solar1` float NOT NULL,
  `harga_solar1` bigint(20) NOT NULL,
  `rasio_solar1` float NOT NULL,
  `solar_2` float NOT NULL,
  `km_solar2` float NOT NULL,
  `harga_solar2` bigint(20) NOT NULL,
  `rasio_solar2` float NOT NULL,
  `solar_3` float NOT NULL,
  `km_solar3` float NOT NULL,
  `harga_solar3` bigint(20) NOT NULL,
  `rasio_solar3` float NOT NULL
) ENGINE=InnoDB DEFAULT CHARSET=utf8;

--
-- Dumping data for table `kilometer`
--

INSERT INTO `kilometer` (`id_km`, `id_mobil`, `id_peg`, `km_brkt`, `jam_brkt`, `km_plg`, `jam_plg`, `jarak_tempuh`, `solar_1`, `km_solar1`, `harga_solar1`, `rasio_solar1`, `solar_2`, `km_solar2`, `harga_solar2`, `rasio_solar2`, `solar_3`, `km_solar3`, `harga_solar3`, `rasio_solar3`) VALUES
(146, 14, 18, 51979, '2017-06-12 08:50:51', 52469, '2017-06-16 17:46:49', 490, 0, 0, 0, 0, 0, 0, 0, 0, 0, 0, 0, 0),
(147, 16, 13, 204060, '2017-06-12 10:59:31', 204124, '2017-06-12 15:01:59', 64, 0, 0, 0, 0, 0, 0, 0, 0, 0, 0, 0, 0),
(148, 7, 10, 141434, '2017-06-12 11:41:16', 141554, '2017-06-12 20:25:49', 120, 19.41, 141550, 100000, 7.93405, 0, 0, 0, 0, 0, 0, 0, 0),
(152, 11, 20, 528581, '2017-06-12 15:55:02', 528617, '2017-06-12 18:52:43', 36, 9.7, 528586, 50000, 27.4227, 0, 0, 0, 0, 0, 0, 0, 0),
(153, 16, 13, 204124, '2017-06-12 19:22:10', 204245, '2017-06-13 07:36:08', 121, 13.33, 204126, 69000, 34.5836, 0, 0, 0, 0, 0, 0, 0, 0),
(154, 7, 10, 141554, '2017-06-13 07:09:14', 141708, '2017-06-13 21:42:38', 154, 29.12, 141704, 150000, 1.51099, 0, 0, 0, 0, 0, 0, 0, 0),
(155, 11, 11, 528617, '2017-06-13 10:04:45', 528648, '2017-06-13 13:18:05', 31, 0, 0, 0, 0, 0, 0, 0, 0, 0, 0, 0, 0),
(156, 8, 20, 108313, '2017-06-13 10:16:36', 108371, '2017-06-13 15:31:44', 58, 0, 0, 0, 0, 0, 0, 0, 0, 0, 0, 0, 0),
(159, 11, 11, 528648, '2017-06-13 14:50:10', 528679, '2017-06-13 17:01:20', 31, 0, 0, 0, 0, 0, 0, 0, 0, 0, 0, 0, 0),
(160, 8, 20, 108371, '2017-06-14 05:32:55', 108437, '2017-06-14 18:05:20', 66, 19.4, 108382, 100000, 4.17526, 0, 0, 0, 0, 0, 0, 0, 0),
(162, 11, 11, 528679, '2017-06-14 10:06:32', 528703, '2017-06-14 13:16:22', 24, 0, 0, 0, 0, 0, 0, 0, 0, 0, 0, 0, 0),
(163, 7, 10, 141708, '2017-06-14 10:42:54', 141763, '2017-06-14 18:15:15', 55, 9.7, 141748, 50000, 15.8763, 0, 0, 0, 0, 0, 0, 0, 0),
(165, 16, 13, 204261, '2017-06-14 10:56:34', 204320, '2017-06-14 15:13:33', 59, 0, 0, 0, 0, 0, 0, 0, 0, 0, 0, 0, 0),
(166, 11, 11, 528704, '2017-06-14 14:40:08', 528737, '2017-06-14 18:05:45', 33, 0, 0, 0, 0, 0, 0, 0, 0, 0, 0, 0, 0),
(167, 8, 20, 108437, '2017-06-15 04:35:28', 108686, '2017-06-15 17:26:23', 249, 19.41, 108463, 100000, 11.2828, 19.41, 108682, 100000, 7.47038, 0, 0, 0, 0),
(168, 7, 10, 141763, '2017-06-15 07:23:21', 141906, '2017-06-15 18:54:31', 143, 29.12, 141902, 150000, 3.57142, 0, 0, 0, 0, 0, 0, 0, 0),
(169, 16, 13, 204320, '2017-06-15 09:13:59', 204502, '2017-06-15 19:45:57', 182, 0, 0, 0, 0, 0, 0, 0, 0, 0, 0, 0, 0),
(171, 11, 11, 528738, '2017-06-15 11:07:40', 528761, '2017-06-15 15:28:10', 23, 0, 0, 0, 0, 0, 0, 0, 0, 0, 0, 0, 0),
(172, 11, 11, 528761, '2017-06-15 16:28:38', 528853, '2017-06-15 23:19:02', 92, 29.12, 528852, 150000, 7.38324, 0, 0, 0, 0, 0, 0, 0, 0),
(173, 7, 10, 141906, '2017-06-16 07:10:45', 142010, '2017-06-16 20:54:26', 104, 29.12, 142006, 150000, 3.4684, 0, 0, 0, 0, 0, 0, 0, 0),
(175, 8, 20, 108686, '2017-06-16 08:07:54', 108823, '2017-06-16 18:41:59', 137, 0, 0, 0, 0, 0, 0, 0, 0, 0, 0, 0, 0),
(176, 6, 11, 43408, '2017-06-16 09:01:29', 43437, '2017-06-16 16:00:54', 29, 0, 0, 0, 0, 0, 0, 0, 0, 0, 0, 0, 0),
(177, 12, 15, 18033, '2017-06-16 09:06:12', 18059, '2017-06-16 10:55:44', 26, 0, 0, 0, 0, 0, 0, 0, 0, 0, 0, 0, 0),
(178, 12, 15, 18059, '2017-06-16 13:04:59', 18076, '2017-06-16 14:25:21', 17, 0, 0, 0, 0, 0, 0, 0, 0, 0, 0, 0, 0),
(179, 11, 11, 528853, '2017-06-16 16:31:02', 528877, '2017-06-16 19:12:06', 24, 0, 0, 0, 0, 0, 0, 0, 0, 0, 0, 0, 0),
(180, 6, 11, 43437, '2017-06-17 06:59:31', 43512, '2017-06-17 14:28:30', 75, 19.42, 43477, 100000, 4.37693, 0, 0, 0, 0, 0, 0, 0, 0),
(181, 7, 10, 142010, '2017-06-17 07:26:32', 142112, '2017-06-17 16:46:54', 102, 38.83, 142107, 200000, 2.85861, 0, 0, 0, 0, 0, 0, 0, 0),
(182, 8, 20, 108823, '2017-06-17 07:55:49', 108871, '2017-06-19 12:06:25', 48, 19.41, 108827, 100000, 3.70943, 0, 0, 0, 0, 0, 0, 0, 0),
(183, 16, 13, 204502, '2017-06-17 10:26:38', 204535, '2017-06-17 13:29:47', 33, 0, 0, 0, 0, 0, 0, 0, 0, 0, 0, 0, 0),
(185, 11, 11, 528877, '2017-06-17 15:18:12', 528907, '2017-06-17 18:44:01', 30, 0, 0, 0, 0, 0, 0, 0, 0, 0, 0, 0, 0),
(186, 14, 18, 52469, '2017-06-19 09:53:44', 52915, '2017-06-23 15:39:32', 446, 48.543, 52802, 250000, 2.32783, 19.41, 52915, 100000, 17.1561, 0, 0, 0, 0),
(188, 11, 11, 528907, '2017-06-19 11:00:18', 528942, '2017-06-19 15:44:04', 35, 0, 0, 0, 0, 0, 0, 0, 0, 0, 0, 0, 0),
(189, 7, 10, 142113, '2017-06-19 11:12:26', 142214, '2017-06-19 20:09:42', 101, 0, 0, 0, 0, 0, 0, 0, 0, 0, 0, 0, 0),
(191, 8, 20, 108871, '2017-06-19 11:52:44', 108972, '2017-06-19 18:47:46', 101, 19.41, 108899, 100000, 6.43998, 0, 0, 0, 0, 0, 0, 0, 0),
(192, 12, 15, 18076, '2017-06-19 14:18:45', 18087, '2017-06-19 15:14:13', 11, 0, 0, 0, 0, 0, 0, 0, 0, 0, 0, 0, 0),
(193, 11, 11, 528942, '2017-06-19 16:49:06', 528979, '2017-06-19 19:25:59', 37, 0, 0, 0, 0, 0, 0, 0, 0, 0, 0, 0, 0),
(194, 6, 11, 43512, '2017-06-20 03:35:03', 43577, '2017-06-20 13:12:03', 65, 22.13, 43562, 114000, 7.68188, 0, 0, 0, 0, 0, 0, 0, 0),
(195, 12, 15, 18088, '2017-06-20 08:42:30', 18106, '2017-06-20 10:07:58', 18, 0, 0, 0, 0, 0, 0, 0, 0, 0, 0, 0, 0),
(196, 7, 10, 142214, '2017-06-20 09:43:59', 142337, '2017-06-20 19:49:11', 123, 19.41, 142218, 100000, 14.6316, 0, 0, 0, 0, 0, 0, 0, 0),
(198, 8, 20, 108972, '2017-06-20 11:35:09', 108977, '2017-06-20 19:48:28', 5, 0, 0, 0, 0, 0, 0, 0, 0, 0, 0, 0, 0),
(199, 12, 15, 18106, '2017-06-20 11:53:14', 18120, '2017-06-20 12:39:14', 14, 0, 0, 0, 0, 0, 0, 0, 0, 0, 0, 0, 0),
(201, 16, 13, 204535, '2017-06-20 14:20:33', 204575, '2017-06-20 14:26:30', 40, 0, 0, 0, 0, 0, 0, 0, 0, 0, 0, 0, 0),
(202, 11, 11, 528979, '2017-06-20 16:17:15', 529002, '2017-06-20 19:24:55', 23, 0, 0, 0, 0, 0, 0, 0, 0, 0, 0, 0, 0),
(203, 6, 11, 43577, '2017-06-21 02:39:18', 43641, '2017-06-21 10:33:45', 64, 0, 0, 0, 0, 0, 0, 0, 0, 0, 0, 0, 0),
(204, 12, 15, 18120, '2017-06-21 08:41:53', 18148, '2017-06-21 10:22:12', 28, 0, 0, 0, 0, 0, 0, 0, 0, 0, 0, 0, 0),
(205, 7, 10, 142337, '2017-06-21 08:43:54', 142507, '2017-06-21 19:43:26', 170, 29.12, 142502, 150000, 4.84203, 0, 0, 0, 0, 0, 0, 0, 0),
(207, 8, 20, 108977, '2017-06-21 11:02:35', 109055, '2017-06-21 19:31:09', 78, 19.41, 109024, 100000, 7.36734, 0, 0, 0, 0, 0, 0, 0, 0),
(208, 11, 11, 529002, '2017-06-21 15:24:28', 529069, '2017-06-21 20:55:43', 67, 29.12, 529067, 150000, 6.38736, 0, 0, 0, 0, 0, 0, 0, 0),
(209, 11, 9, 529069, '2017-06-21 21:17:25', 529084, '2017-06-21 23:53:21', 15, 0, 0, 0, 0, 0, 0, 0, 0, 0, 0, 0, 0),
(212, 7, 10, 142507, '2017-06-22 08:17:25', 142650, '2017-06-22 18:32:56', 143, 38.83, 142643, 200000, 2.62683, 0, 0, 0, 0, 0, 0, 0, 0),
(213, 6, 11, 43641, '2017-06-22 08:18:15', 43671, '2017-06-22 10:25:06', 30, 0, 0, 0, 0, 0, 0, 0, 0, 0, 0, 0, 0),
(215, 8, 20, 109055, '2017-06-22 10:10:11', 109166, '2017-06-22 17:58:45', 111, 0, 0, 0, 0, 0, 0, 0, 0, 0, 0, 0, 0),
(217, 12, 15, 18148, '2017-06-22 14:11:19', 18170, '2017-06-22 17:39:52', 22, 0, 0, 0, 0, 0, 0, 0, 0, 0, 0, 0, 0),
(218, 11, 11, 529084, '2017-06-22 14:32:31', 529116, '2017-06-22 17:52:43', 32, 0, 0, 0, 0, 0, 0, 0, 0, 0, 0, 0, 0),
(220, 7, 10, 142650, '2017-06-23 08:01:50', 142799, '2017-06-23 18:45:24', 149, 33.02, 142745, 170000, 7.05633, 0, 0, 0, 0, 0, 0, 0, 0),
(221, 8, 20, 109166, '2017-06-23 08:03:46', 109204, '2017-06-23 15:42:17', 38, 19.41, 109167, 100000, 6.18238, 0, 0, 0, 0, 0, 0, 0, 0),
(223, 16, 13, 204575, '2017-06-23 11:12:33', 204802, '2017-06-23 11:15:29', 227, 13.33, 204587, 69000, 57.0143, 0, 0, 0, 0, 0, 0, 0, 0),
(224, 11, 11, 529116, '2017-06-23 12:20:00', 529146, '2017-06-23 15:10:46', 30, 0, 0, 0, 0, 0, 0, 0, 0, 0, 0, 0, 0),
(225, 11, 9, 529146, '2017-06-23 17:53:05', 529166, '2017-06-23 20:58:26', 20, 0, 0, 0, 0, 0, 0, 0, 0, 0, 0, 0, 0),
(226, 8, 20, 109204, '2017-06-24 09:19:34', 109245, '2017-06-24 13:40:08', 41, 0, 0, 0, 0, 0, 0, 0, 0, 0, 0, 0, 0),
(227, 16, 11, 204884, '2017-06-24 09:49:04', 204909, '2017-06-24 11:07:01', 25, 0, 0, 0, 0, 0, 0, 0, 0, 0, 0, 0, 0),
(229, 11, 11, 529166, '2017-06-24 12:18:23', 529205, '2017-06-24 14:56:51', 39, 0, 0, 0, 0, 0, 0, 0, 0, 0, 0, 0, 0),
(230, 16, 13, 204919, '2017-06-24 13:34:23', 205221, '2017-06-28 07:32:40', 302, 0, 0, 0, 0, 0, 0, 0, 0, 0, 0, 0, 0),
(234, 11, 11, 529205, '2017-06-28 13:25:28', 529224, '2017-06-28 14:55:50', 19, 0, 0, 0, 0, 0, 0, 0, 0, 0, 0, 0, 0),
(235, 16, 11, 205228, '2017-06-28 15:29:30', 205245, '2017-06-28 16:53:33', 17, 0, 0, 0, 0, 0, 0, 0, 0, 0, 0, 0, 0),
(238, 8, 20, 109245, '2017-06-29 10:18:11', 109315, '2017-06-29 15:18:26', 70, 19.41, 109287, 100000, 5.82174, 0, 0, 0, 0, 0, 0, 0, 0),
(240, 14, 18, 52919, '2017-06-29 11:19:47', 53259, '2017-06-30 20:48:27', 340, 48.54, 53248, 250000, 5.70663, 0, 0, 0, 0, 0, 0, 0, 0),
(241, 11, 11, 529224, '2017-06-29 14:34:44', 529257, '2017-06-29 16:48:13', 33, 29.13, 529253, 150000, 1.61346, 0, 0, 0, 0, 0, 0, 0, 0),
(242, 12, 15, 18171, '2017-06-29 15:41:27', 18193, '2017-06-29 16:47:49', 22, 0, 0, 0, 0, 0, 0, 0, 0, 0, 0, 0, 0),
(243, 8, 20, 109315, '2017-06-30 07:23:26', 109409, '2017-06-30 18:40:27', 94, 19.41, 109400, 100000, 4.07007, 0, 0, 0, 0, 0, 0, 0, 0),
(244, 7, 9, 142800, '2017-06-30 07:24:49', 142901, '2017-06-30 15:29:19', 101, 0, 0, 0, 0, 0, 0, 0, 0, 0, 0, 0, 0),
(246, 16, 13, 205245, '2017-06-30 14:37:11', 205255, '2017-06-30 15:21:14', 10, 0, 0, 0, 0, 0, 0, 0, 0, 0, 0, 0, 0),
(247, 12, 15, 18193, '2017-06-30 16:11:18', 18221, '2017-06-30 16:24:13', 28, 0, 0, 0, 0, 0, 0, 0, 0, 0, 0, 0, 0),
(248, 16, 13, 205255, '2017-06-30 17:50:21', 205286, '2017-06-30 19:57:36', 31, 0, 0, 0, 0, 0, 0, 0, 0, 0, 0, 0, 0),
(249, 8, 20, 109409, '2017-07-01 06:50:44', 109483, '2017-07-01 13:02:51', 74, 19.41, 109479, 100000, 1.75167, 0, 0, 0, 0, 0, 0, 0, 0),
(250, 7, 10, 142901, '2017-07-01 08:15:27', 143030, '2017-07-01 15:43:18', 129, 19.41, 142978, 100000, 6.59454, 0, 0, 0, 0, 0, 0, 0, 0),
(252, 16, 13, 205286, '2017-07-01 13:40:37', 205323, '2017-07-01 15:53:51', 37, 0, 0, 0, 0, 0, 0, 0, 0, 0, 0, 0, 0),
(253, 6, 10, 43671, '2017-07-03 09:17:23', 43791, '2017-07-03 18:18:07', 120, 38.83, 43732, 200000, 3.1419, 0, 0, 0, 0, 0, 0, 0, 0),
(256, 8, 20, 109483, '2017-07-03 10:14:06', 109543, '2017-07-03 17:19:59', 60, 19.41, 109513, 100000, 0, 0, 0, 0, 0, 0, 0, 0, 0),
(257, 16, 13, 205323, '2017-07-03 13:21:57', 205354, '2017-07-03 16:45:35', 31, 10.69, 205347, 55000, 15.435, 0, 0, 0, 0, 0, 0, 0, 0),
(258, 14, 18, 53259, '2017-07-03 13:47:37', 53608, '2017-07-06 18:29:05', 349, 38.834, 53525, 200000, 4.14585, 0, 0, 0, 0, 0, 0, 0, 0),
(260, 7, 9, 143030, '2017-07-04 06:36:28', 143110, '2017-07-04 17:59:05', 80, 25.24, 143106, 130000, 6.29952, 0, 0, 0, 0, 0, 0, 0, 0),
(263, 11, 11, 529257, '2017-07-04 10:26:23', 529272, '2017-07-04 14:47:55', 15, 0, 0, 0, 0, 0, 0, 0, 0, 0, 0, 0, 0),
(264, 16, 13, 205354, '2017-07-04 10:26:54', 205371, '2017-07-04 11:46:43', 17, 0, 0, 0, 0, 0, 0, 0, 0, 0, 0, 0, 0),
(265, 16, 11, 205371, '2017-07-04 14:00:02', 205389, '2017-07-04 16:01:10', 18, 0, 0, 0, 0, 0, 0, 0, 0, 0, 0, 0, 0),
(266, 16, 11, 205389, '2017-07-04 16:16:31', 205418, '2017-07-04 18:17:07', 29, 0, 0, 0, 0, 0, 0, 0, 0, 0, 0, 0, 0),
(268, 7, 9, 143110, '2017-07-05 07:01:22', 143269, '2017-07-05 19:00:32', 159, 29.12, 143265, 150000, 3.02198, 0, 0, 0, 0, 0, 0, 0, 0),
(269, 12, 15, 18221, '2017-07-05 08:25:05', 18234, '2017-07-05 09:05:52', 13, 0, 0, 0, 0, 0, 0, 0, 0, 0, 0, 0, 0),
(270, 11, 11, 529272, '2017-07-05 09:30:46', 529303, '2017-07-05 15:10:30', 31, 19.41, 529300, 100000, 3.19423, 0, 0, 0, 0, 0, 0, 0, 0),
(271, 12, 15, 18234, '2017-07-05 13:19:10', 18235, '2017-07-05 13:48:42', 1, 0, 0, 0, 0, 0, 0, 0, 0, 0, 0, 0, 0),
(272, 16, 13, 205418, '2017-07-05 14:40:29', 205455, '2017-07-05 17:49:41', 37, 0, 0, 0, 0, 0, 0, 0, 0, 0, 0, 0, 0),
(273, 11, 20, 529303, '2017-07-06 06:09:07', 529552, '2017-07-06 17:42:00', 249, 29.12, 529362, 150000, 6.38736, 9.7, 529548, 50000, 19.6907, 0, 0, 0, 0),
(274, 7, 9, 143270, '2017-07-06 07:33:07', 143423, '2017-07-06 19:39:17', 153, 33.02, 143353, 170000, 5.42096, 0, 0, 0, 0, 0, 0, 0, 0),
(275, 10, 10, 64170, '2017-07-06 09:28:35', 64205, '2017-07-06 16:12:54', 35, 29.12, 64174, 150000, 4.77335, 0, 0, 0, 0, 0, 0, 0, 0),
(276, 12, 15, 18235, '2017-07-06 09:29:20', 18255, '2017-07-06 12:14:51', 20, 7.6, 18240, 40000, 46.8421, 0, 0, 0, 0, 0, 0, 0, 0),
(277, 16, 11, 205455, '2017-07-06 14:05:04', 205482, '2017-07-06 17:44:34', 27, 0, 0, 0, 0, 0, 0, 0, 0, 0, 0, 0, 0),
(278, 12, 15, 18255, '2017-07-06 16:13:44', 18278, '2017-07-06 16:50:02', 23, 0, 0, 0, 0, 0, 0, 0, 0, 0, 0, 0, 0),
(279, 11, 20, 529552, '2017-07-07 06:56:10', 529759, '2017-07-07 20:04:21', 207, 29.12, 529739, 200000, 2.91896, 0, 0, 0, 0, 0, 0, 0, 0),
(280, 7, 9, 143423, '2017-07-07 07:31:03', 143545, '2017-07-07 17:58:19', 122, 29.12, 143532, 200000, 3.26236, 0, 0, 0, 0, 0, 0, 0, 0),
(281, 10, 10, 64205, '2017-07-07 08:17:06', 64258, '2017-07-07 16:29:26', 53, 0, 0, 0, 0, 0, 0, 0, 0, 0, 0, 0, 0),
(282, 12, 15, 18278, '2017-07-07 08:35:29', 18300, '2017-07-07 09:35:09', 22, 0, 0, 0, 0, 0, 0, 0, 0, 0, 0, 0, 0),
(283, 14, 18, 53608, '2017-07-07 09:06:58', 53717, '2017-07-07 16:52:48', 109, 29.126, 53686, 150000, 12.6004, 0, 0, 0, 0, 0, 0, 0, 0),
(284, 16, 11, 205483, '2017-07-07 14:59:56', 205514, '2017-07-07 18:04:10', 31, 22.9, 205512, 118000, 8.55895, 0, 0, 0, 0, 0, 0, 0, 0),
(285, 12, 15, 18300, '2017-07-07 16:02:50', 18329, '2017-07-07 17:36:18', 29, 0, 0, 0, 0, 0, 0, 0, 0, 0, 0, 0, 0),
(286, 6, 9, 43792, '2017-07-08 06:44:22', 43887, '2017-07-08 15:56:27', 95, 37, 43854, 190000, 1.67568, 0, 0, 0, 0, 0, 0, 0, 0),
(287, 10, 10, 64258, '2017-07-08 08:08:11', 64318, '2017-07-08 14:20:13', 60, 29.12, 64313, 150000, 10.2679, 0, 0, 0, 0, 0, 0, 0, 0),
(288, 11, 20, 529759, '2017-07-08 09:39:54', 529875, '2017-07-10 16:28:25', 116, 19.41, 529824, 100000, 4.84286, 0, 0, 0, 0, 0, 0, 0, 0),
(289, 16, 13, 205515, '2017-07-08 12:19:07', 205531, '2017-07-08 13:26:30', 16, 0, 0, 0, 0, 0, 0, 0, 0, 0, 0, 0, 0),
(290, 7, 11, 143545, '2017-07-10 16:29:25', 143613, '2017-07-10 16:29:39', 68, 0, 0, 0, 0, 0, 0, 0, 0, 0, 0, 0, 0),
(291, 7, 10, 143613, '2017-07-10 16:31:09', 143631, '2017-07-10 16:31:22', 18, 9.7, 143627, 50000, 6.18557, 0, 0, 0, 0, 0, 0, 0, 0),
(292, 16, 9, 205531, '2017-07-10 16:32:21', 205582, '2017-07-10 16:32:35', 51, 0, 0, 0, 0, 0, 0, 0, 0, 0, 0, 0, 0),
(293, 12, 15, 18329, '2017-07-10 16:33:18', 18342, '2017-07-10 16:33:33', 13, 0, 0, 0, 0, 0, 0, 0, 0, 0, 0, 0, 0),
(294, 10, 16, 64318, '2017-07-10 16:34:51', 64890, '2017-07-14 15:55:26', 572, 54.25, 64612, 280000, 2.34101, 38.84, 64739, 200000, 10.4789, 0, 0, 0, 0),
(295, 11, 9, 529875, '2017-07-10 16:44:33', 529890, '2017-07-10 19:02:27', 15, 0, 0, 0, 0, 0, 0, 0, 0, 0, 0, 0, 0),
(296, 7, 10, 143631, '2017-07-11 08:03:04', 143736, '2017-07-11 19:10:34', 105, 29.13, 143687, 150000, 2.8493, 0, 0, 0, 0, 0, 0, 0, 0),
(297, 6, 11, 43887, '2017-07-11 08:44:40', 43897, '2017-07-11 10:42:45', 10, 0, 0, 0, 0, 0, 0, 0, 0, 0, 0, 0, 0),
(299, 11, 20, 529890, '2017-07-11 09:11:33', 529948, '2017-07-11 13:43:54', 58, 9.7, 529918, 50000, 6.59794, 0, 0, 0, 0, 0, 0, 0, 0),
(300, 14, 18, 53718, '2017-07-11 09:25:12', 54155, '2017-07-14 19:02:05', 437, 48.54, 54053, 250000, 1.91595, 13.592, 54146, 70000, 61.4332, 0, 0, 0, 0),
(301, 16, 11, 205582, '2017-07-11 13:47:38', 205614, '2017-07-11 17:47:07', 32, 0, 0, 0, 0, 0, 0, 0, 0, 0, 0, 0, 0),
(302, 12, 15, 18343, '2017-07-11 15:18:22', 18362, '2017-07-11 16:25:17', 19, 0, 0, 0, 0, 0, 0, 0, 0, 0, 0, 0, 0),
(303, 6, 9, 43897, '2017-07-12 07:06:02', 43979, '2017-07-12 15:14:31', 82, 29.12, 43916, 150000, 3.33104, 0, 0, 0, 0, 0, 0, 0, 0),
(304, 11, 20, 529948, '2017-07-12 08:59:48', 530073, '2017-07-12 19:25:13', 125, 23.3, 529982, 120000, 4.72103, 0, 0, 0, 0, 0, 0, 0, 0),
(305, 7, 10, 143737, '2017-07-12 09:58:03', 143776, '2017-07-12 17:25:06', 39, 29.12, 143770, 150000, 1.95742, 0, 0, 0, 0, 0, 0, 0, 0),
(306, 16, 13, 205614, '2017-07-12 11:56:47', 205630, '2017-07-12 13:37:17', 16, 0, 0, 0, 0, 0, 0, 0, 0, 0, 0, 0, 0),
(307, 12, 15, 18362, '2017-07-12 14:39:11', 18363, '2017-07-12 15:05:20', 1, 0, 0, 0, 0, 0, 0, 0, 0, 0, 0, 0, 0),
(308, 16, 13, 205630, '2017-07-12 15:04:47', 205673, '2017-07-12 18:05:26', 43, 0, 0, 0, 0, 0, 0, 0, 0, 0, 0, 0, 0),
(309, 7, 10, 143776, '2017-07-13 07:33:12', 143923, '2017-07-13 19:57:58', 147, 38.84, 143827, 200000, 4.68589, 0, 0, 0, 0, 0, 0, 0, 0),
(311, 12, 11, 18363, '2017-07-13 09:50:02', 18383, '2017-07-13 09:50:23', 20, 0, 0, 0, 0, 0, 0, 0, 0, 0, 0, 0, 0),
(312, 16, 20, 205673, '2017-07-13 09:55:24', 205908, '2017-07-13 20:48:57', 235, 38.16, 205708, 200000, 8.70021, 0, 0, 0, 0, 0, 0, 0, 0),
(313, 11, 11, 530073, '2017-07-13 10:34:26', 530096, '2017-07-13 17:07:53', 23, 13.59, 530092, 70000, 2.72259, 0, 0, 0, 0, 0, 0, 0, 0),
(314, 12, 15, 18383, '2017-07-13 10:37:22', 18399, '2017-07-13 11:46:35', 16, 0, 0, 0, 0, 0, 0, 0, 0, 0, 0, 0, 0),
(315, 12, 15, 18399, '2017-07-13 14:26:17', 18400, '2017-07-13 15:00:12', 1, 0, 0, 0, 0, 0, 0, 0, 0, 0, 0, 0, 0),
(316, 12, 15, 18400, '2017-07-13 15:28:54', 18434, '2017-07-13 17:37:43', 34, 0, 0, 0, 0, 0, 0, 0, 0, 0, 0, 0, 0),
(317, 7, 10, 143923, '2017-07-14 07:55:41', 144013, '2017-07-14 17:47:07', 90, 29.12, 144009, 150000, 2.36951, 0, 0, 0, 0, 0, 0, 0, 0),
(318, 11, 20, 530096, '2017-07-14 08:57:04', 530169, '2017-07-14 19:02:48', 73, 21.35, 530129, 110000, 6.18267, 0, 0, 0, 0, 0, 0, 0, 0),
(319, 16, 11, 205908, '2017-07-14 10:16:45', 205935, '2017-07-14 14:31:32', 27, 0, 0, 0, 0, 0, 0, 0, 0, 0, 0, 0, 0),
(320, 6, 9, 43980, '2017-07-14 10:17:26', 44042, '2017-07-14 16:48:38', 62, 19.41, 44013, 100000, 8.55229, 0, 0, 0, 0, 0, 0, 0, 0),
(321, 16, 11, 205935, '2017-07-14 15:34:06', 205964, '2017-07-14 18:21:31', 29, 0, 0, 0, 0, 0, 0, 0, 0, 0, 0, 0, 0),
(322, 11, 11, 530169, '2017-07-14 19:29:57', 530259, '2017-07-14 22:36:15', 90, 0, 0, 0, 0, 0, 0, 0, 0, 0, 0, 0, 0),
(323, 6, 10, 44042, '2017-07-15 07:42:01', 0, '0000-00-00 00:00:00', 0, 0, 0, 0, 0, 0, 0, 0, 0, 0, 0, 0, 0),
(324, 11, 20, 530259, '2017-07-15 08:04:17', 530299, '2017-07-15 14:00:00', 40, 19.41, 530261, 100000, 4.89438, 0, 0, 0, 0, 0, 0, 0, 0),
(325, 12, 15, 18434, '2017-07-15 08:51:09', 18453, '2017-07-15 10:34:17', 19, 0, 0, 0, 0, 0, 0, 0, 0, 0, 0, 0, 0),
(326, 10, 16, 64908, '2017-07-17 10:38:35', 65377, '2017-07-21 15:18:07', 469, 50.48, 65146, 260000, 4.53645, 29.126, 65375, 150000, 8.5834, 0, 0, 0, 0),
(327, 7, 11, 144014, '2017-07-15 09:52:00', 144039, '2017-07-15 14:45:00', 25, 0, 0, 0, 0, 0, 0, 0, 0, 0, 0, 0, 0),
(328, 12, 15, 18453, '2017-07-15 12:28:45', 18479, '2017-07-15 14:17:21', 26, 0, 0, 0, 0, 0, 0, 0, 0, 0, 0, 0, 0),
(329, 16, 13, 205964, '2017-07-15 14:08:01', 205987, '2017-07-15 15:29:06', 23, 0, 0, 0, 0, 0, 0, 0, 0, 0, 0, 0, 0),
(330, 12, 15, 18479, '2017-07-17 14:14:52', 18499, '2017-07-17 16:27:09', 20, 0, 0, 0, 0, 0, 0, 0, 0, 0, 0, 0, 0),
(331, 12, 15, 18499, '2017-07-18 13:24:48', 18511, '2017-07-18 14:08:05', 12, 0, 0, 0, 0, 0, 0, 0, 0, 0, 0, 0, 0),
(332, 12, 15, 18511, '2017-07-18 15:36:39', 18528, '2017-07-18 16:32:56', 17, 0, 0, 0, 0, 0, 0, 0, 0, 0, 0, 0, 0),
(333, 12, 15, 18528, '2017-07-19 13:00:40', 18560, '2017-07-19 14:40:58', 32, 0, 0, 0, 0, 0, 0, 0, 0, 0, 0, 0, 0),
(334, 12, 15, 18560, '2017-07-19 15:57:58', 18586, '2017-07-19 17:40:23', 26, 0, 0, 0, 0, 0, 0, 0, 0, 0, 0, 0, 0),
(335, 12, 15, 18586, '2017-07-20 11:00:04', 18613, '2017-07-20 12:10:29', 27, 6.06, 18596, 50000, 0, 0, 0, 0, 0, 0, 0, 0, 0),
(336, 12, 15, 18613, '2017-07-20 13:35:55', 18615, '2017-07-20 14:02:14', 2, 0, 0, 0, 0, 0, 0, 0, 0, 0, 0, 0, 0),
(337, 16, 11, 205987, '2017-07-19 08:45:30', 206044, '2017-07-19 12:40:57', 57, 13.33, 206040, 100000, 12.3781, 0, 0, 0, 0, 0, 0, 0, 0),
(338, 14, 18, 54155, '2017-07-18 08:40:56', 54638, '2017-07-22 19:20:13', 483, 0, 0, 0, 0, 0, 0, 0, 0, 0, 0, 0, 0),
(340, 16, 11, 206044, '2017-07-19 13:07:37', 206063, '2017-07-19 15:11:52', 19, 0, 0, 0, 0, 0, 0, 0, 0, 0, 0, 0, 0),
(341, 16, 13, 206063, '2017-07-20 08:00:49', 206085, '2017-07-20 12:00:06', 22, 0, 0, 0, 0, 0, 0, 0, 0, 0, 0, 0, 0),
(342, 11, 11, 530299, '2017-07-17 11:57:39', 530318, '2017-07-17 15:30:58', 19, 0, 0, 0, 0, 0, 0, 0, 0, 0, 0, 0, 0),
(343, 11, 11, 530318, '2017-07-17 15:58:40', 530344, '2017-07-17 17:47:05', 26, 0, 0, 0, 0, 0, 0, 0, 0, 0, 0, 0, 0),
(344, 16, 13, 206085, '2017-07-20 13:37:49', 206111, '2017-07-20 16:53:06', 26, 0, 0, 0, 0, 0, 0, 0, 0, 0, 0, 0, 0),
(346, 12, 15, 18615, '2017-07-20 14:30:01', 18637, '2017-07-20 16:01:23', 22, 0, 0, 0, 0, 0, 0, 0, 0, 0, 0, 0, 0),
(347, 6, 10, 44136, '2017-07-17 10:43:43', 44225, '2017-07-17 18:05:58', 89, 29.12, 44179, 150000, 4.91071, 0, 0, 0, 0, 0, 0, 0, 0),
(348, 6, 10, 44225, '2017-07-18 08:08:29', 44326, '2017-07-18 17:40:49', 101, 29.12, 44322, 150000, 2.47253, 0, 0, 0, 0, 0, 0, 0, 0),
(349, 6, 10, 44326, '2017-07-18 07:34:41', 44395, '2017-07-18 19:00:26', 69, 29.42, 44394, 150000, 4.45275, 0, 0, 0, 0, 0, 0, 0, 0),
(350, 7, 20, 144039, '2017-07-17 11:15:49', 144096, '2017-07-17 17:47:10', 57, 29.12, 144078, 150000, 6.45604, 0, 0, 0, 0, 0, 0, 0, 0),
(351, 7, 20, 144096, '2017-07-18 08:54:56', 144208, '2017-07-18 16:58:13', 112, 0, 0, 0, 0, 0, 0, 0, 0, 0, 0, 0, 0),
(352, 7, 9, 144208, '2017-07-19 07:49:05', 144349, '2017-07-19 18:26:25', 141, 29.42, 144266, 150000, 3.87492, 0, 0, 0, 0, 0, 0, 0, 0),
(353, 7, 10, 144349, '2017-07-20 09:20:26', 144385, '2017-07-20 16:05:42', 36, 29.12, 144380, 150000, 0.892857, 0, 0, 0, 0, 0, 0, 0, 0),
(354, 6, 9, 44395, '2017-07-20 07:19:51', 44539, '2017-07-20 18:29:07', 144, 38.83, 44525, 200000, 2.83286, 0, 0, 0, 0, 0, 0, 0, 0),
(355, 6, 10, 44539, '2017-07-21 08:07:14', 44683, '2017-07-21 19:09:20', 144, 19.42, 44635, 100000, 5.20082, 0, 0, 0, 0, 0, 0, 0, 0),
(356, 16, 11, 206111, '2017-07-21 08:30:26', 206125, '2017-07-21 09:50:21', 14, 0, 0, 0, 0, 0, 0, 0, 0, 0, 0, 0, 0),
(357, 11, 11, 530344, '2017-07-18 14:55:44', 530378, '2017-07-18 17:52:09', 34, 19.41, 530356, 100000, 2.88511, 0, 0, 0, 0, 0, 0, 0, 0),
(358, 11, 20, 530378, '2017-07-19 10:45:09', 530418, '2017-07-19 18:30:02', 40, 13.59, 530412, 70000, 16.7035, 0, 0, 0, 0, 0, 0, 0, 0),
(359, 11, 20, 530418, '2017-07-20 06:27:11', 530665, '2017-07-20 16:30:37', 247, 33.02, 530639, 170000, 2.5742, 0, 0, 0, 0, 0, 0, 0, 0),
(360, 7, 9, 144385, '2017-07-21 09:23:16', 144416, '2017-07-21 14:07:03', 31, 13.59, 144406, 70000, 2.86976, 0, 0, 0, 0, 0, 0, 0, 0),
(361, 11, 20, 530665, '2017-07-21 09:25:04', 530749, '2017-07-21 15:52:44', 84, 13.59, 530724, 70000, 17.4393, 0, 0, 0, 0, 0, 0, 0, 0),
(362, 16, 11, 206125, '2017-07-21 10:10:17', 206146, '2017-07-21 13:54:15', 21, 0, 0, 0, 0, 0, 0, 0, 0, 0, 0, 0, 0),
(363, 12, 15, 18637, '2017-07-21 12:43:15', 18663, '2017-07-21 14:17:01', 26, 0, 0, 0, 0, 0, 0, 0, 0, 0, 0, 0, 0),
(364, 16, 11, 206146, '2017-07-21 15:30:26', 206173, '2017-07-21 17:54:47', 27, 0, 0, 0, 0, 0, 0, 0, 0, 0, 0, 0, 0),
(365, 16, 20, 206173, '2017-07-21 18:12:26', 206193, '2017-07-21 21:19:37', 20, 0, 0, 0, 0, 0, 0, 0, 0, 0, 0, 0, 0),
(367, 6, 10, 44683, '2017-07-22 08:18:42', 44803, '2017-07-22 17:09:14', 120, 38.84, 44736, 200000, 3.26982, 0, 0, 0, 0, 0, 0, 0, 0),
(368, 11, 20, 530749, '2017-07-22 09:23:07', 531011, '2017-07-22 18:24:20', 262, 48.54, 530961, 250000, 3.33745, 0, 0, 0, 0, 0, 0, 0, 0),
(369, 7, 9, 144416, '2017-07-22 10:03:00', 144460, '2017-07-22 15:01:29', 44, 25.24, 144445, 130000, 3.09033, 0, 0, 0, 0, 0, 0, 0, 0),
(370, 16, 11, 206193, '2017-07-22 11:44:35', 206221, '2017-07-22 14:27:00', 28, 15.26, 206205, 100000, 1.31062, 0, 0, 0, 0, 0, 0, 0, 0),
(371, 10, 16, 65377, '2017-07-24 08:51:47', 65997, '2017-07-28 15:41:07', 620, 48.63, 65625, 250445, 5.26424, 46.595, 65881, 239964, 0, 0, 0, 0, 0),
(372, 14, 18, 54638, '2017-07-24 09:10:05', 55136, '2017-07-28 19:10:28', 498, 48.54, 54981, 250000, 3.15204, 19.417, 55134, 100000, 0, 0, 0, 0, 0),
(373, 7, 10, 144460, '2017-07-24 10:01:48', 144575, '2017-07-24 17:57:41', 115, 29.13, 144523, 150000, 3.84483, 0, 0, 0, 0, 0, 0, 0, 0),
(375, 11, 20, 531011, '2017-07-24 10:31:01', 531140, '2017-07-24 17:49:16', 129, 19.41, 531123, 100000, 5.10046, 0, 0, 0, 0, 0, 0, 0, 0),
(376, 6, 9, 44803, '2017-07-24 10:32:41', 44882, '2017-07-24 17:37:53', 79, 29.13, 44863, 150000, 3.19258, 0, 0, 0, 0, 0, 0, 0, 0),
(377, 12, 15, 18663, '2017-07-24 14:51:26', 18681, '2017-07-24 16:21:18', 18, 0, 0, 0, 0, 0, 0, 0, 0, 0, 0, 0, 0),
(378, 16, 13, 206221, '2017-07-24 15:49:26', 206246, '2017-07-24 18:56:45', 25, 7.6, 206225, 50000, 10.2632, 0, 0, 0, 0, 0, 0, 0, 0),
(379, 11, 20, 531140, '2017-07-24 19:11:58', 531174, '2017-07-24 21:22:00', 34, 0, 0, 0, 0, 0, 0, 0, 0, 0, 0, 0, 0),
(380, 6, 9, 44883, '2017-07-25 07:24:10', 44978, '2017-07-25 18:55:25', 95, 38.83, 44956, 200000, 1.10739, 0, 0, 0, 0, 0, 0, 0, 0),
(381, 7, 10, 144575, '2017-07-25 09:10:47', 144639, '2017-07-25 17:08:28', 64, 19.41, 144635, 100000, 2.11231, 0, 0, 0, 0, 0, 0, 0, 0),
(382, 11, 20, 531174, '2017-07-25 10:09:55', 531250, '2017-07-25 16:29:41', 76, 19.41, 531222, 100000, 6.18238, 0, 0, 0, 0, 0, 0, 0, 0),
(383, 16, 13, 206246, '2017-07-25 10:19:12', 206273, '2017-07-25 13:23:55', 27, 0, 0, 0, 0, 0, 0, 0, 0, 0, 0, 0, 0),
(384, 12, 15, 18681, '2017-07-25 13:36:54', 18714, '2017-07-25 15:31:52', 33, 0, 0, 0, 0, 0, 0, 0, 0, 0, 0, 0, 0),
(385, 16, 13, 206273, '2017-07-25 16:30:48', 206299, '2017-07-25 18:23:53', 26, 0, 0, 0, 0, 0, 0, 0, 0, 0, 0, 0, 0),
(386, 6, 20, 44978, '2017-07-26 06:24:37', 45048, '2017-07-26 18:12:05', 70, 19.41, 44999, 100000, 7.10974, 0, 0, 0, 0, 0, 0, 0, 0),
(387, 11, 9, 531250, '2017-07-26 07:03:56', 531354, '2017-07-26 18:14:35', 104, 29.12, 531342, 150000, 36.6071, 0, 0, 0, 0, 0, 0, 0, 0),
(388, 7, 10, 144639, '2017-07-26 08:29:02', 144681, '2017-07-26 15:30:40', 42, 14.56, 144676, 75000, 3.09066, 0, 0, 0, 0, 0, 0, 0, 0),
(389, 16, 13, 206299, '2017-07-26 08:30:49', 206328, '2017-07-26 10:27:36', 29, 7.63, 206303, 50000, 14.941, 0, 0, 0, 0, 0, 0, 0, 0),
(390, 12, 15, 18714, '2017-07-26 08:53:32', 18734, '2017-07-26 09:56:44', 20, 0, 0, 0, 0, 0, 0, 0, 0, 0, 0, 0, 0),
(391, 16, 11, 206328, '2017-07-26 13:51:22', 206361, '2017-07-26 16:05:22', 33, 0, 0, 0, 0, 0, 0, 0, 0, 0, 0, 0, 0),
(392, 12, 15, 18734, '2017-07-26 15:39:15', 18753, '2017-07-26 17:34:48', 19, 0, 0, 0, 0, 0, 0, 0, 0, 0, 0, 0, 0),
(393, 16, 11, 206361, '2017-07-26 16:20:32', 206375, '2017-07-26 18:09:29', 14, 0, 0, 0, 0, 0, 0, 0, 0, 0, 0, 0, 0),
(394, 11, 20, 531354, '2017-07-27 05:43:55', 532504, '2017-07-27 18:36:25', 1150, 38.84, 532408, 200000, 3.4243, 0, 0, 0, 0, 0, 0, 0, 0),
(395, 6, 9, 45048, '2017-07-27 07:46:04', 45160, '2017-07-27 20:13:30', 112, 38.83, 45137, 200000, 0, 0, 0, 0, 0, 0, 0, 0, 0),
(396, 7, 10, 144681, '2017-07-27 08:16:45', 144725, '2017-07-27 17:18:48', 44, 19.41, 144721, 100000, 6.90366, 0, 0, 0, 0, 0, 0, 0, 0),
(397, 16, 11, 206375, '2017-07-27 10:57:12', 206397, '2017-07-27 13:35:25', 22, 0, 0, 0, 0, 0, 0, 0, 0, 0, 0, 0, 0),
(398, 12, 15, 18754, '2017-07-27 14:15:46', 18766, '2017-07-27 15:17:43', 12, 0, 0, 0, 0, 0, 0, 0, 0, 0, 0, 0, 0),
(399, 16, 11, 206397, '2017-07-27 18:05:18', 206421, '2017-07-27 18:05:36', 24, 7.6, 206417, 50000, 0, 0, 0, 0, 0, 0, 0, 0, 0),
(400, 7, 9, 144726, '2017-07-28 07:02:43', 144861, '2017-07-28 19:05:05', 135, 33.02, 144855, 170000, 0, 0, 0, 0, 0, 0, 0, 0, 0),
(401, 16, 10, 206421, '2017-07-28 08:25:35', 206464, '2017-07-28 14:02:21', 43, 0, 0, 0, 0, 0, 0, 0, 0, 0, 0, 0, 0),
(402, 11, 20, 532504, '2017-07-28 13:52:34', 532785, '2017-07-28 19:09:35', 281, 13.59, 532541, 70000, 0, 0, 0, 0, 0, 0, 0, 0, 0),
(403, 12, 15, 18766, '2017-07-28 13:53:23', 18797, '2017-07-28 16:18:10', 31, 0, 0, 0, 0, 0, 0, 0, 0, 0, 0, 0, 0),
(404, 16, 11, 206464, '2017-07-28 15:46:20', 206481, '2017-07-28 17:48:05', 17, 0, 0, 0, 0, 0, 0, 0, 0, 0, 0, 0, 0),
(405, 6, 10, 45160, '2017-07-29 07:08:49', 0, '0000-00-00 00:00:00', 0, 0, 0, 0, 0, 0, 0, 0, 0, 0, 0, 0, 0),
(406, 10, 16, 65997, '2017-07-29 09:08:17', 0, '0000-00-00 00:00:00', 0, 0, 0, 0, 0, 0, 0, 0, 0, 0, 0, 0, 0),
(407, 7, 9, 144862, '2017-07-29 09:11:10', 0, '0000-00-00 00:00:00', 0, 0, 0, 0, 0, 0, 0, 0, 0, 0, 0, 0, 0),
(408, 16, 11, 206481, '2017-07-29 09:15:20', 0, '0000-00-00 00:00:00', 0, 0, 0, 0, 0, 0, 0, 0, 0, 0, 0, 0, 0);

-- --------------------------------------------------------

--
-- Table structure for table `mobil`
--

CREATE TABLE `mobil` (
  `id_mobil` int(11) NOT NULL,
  `plat_no` varchar(12) NOT NULL,
  `id_dir` int(11) NOT NULL,
  `id_peg` int(11) NOT NULL,
  `type` varchar(20) NOT NULL,
  `type_code` int(11) NOT NULL,
  `no_seri_ban_a` text NOT NULL,
  `tgl_ganti_ban_a` datetime NOT NULL,
  `no_seri_ban_b` text NOT NULL,
  `tgl_ganti_ban_b` datetime NOT NULL,
  `no_seri_ban_c` text NOT NULL,
  `tgl_ganti_ban_c` datetime NOT NULL,
  `no_seri_ban_d` text NOT NULL,
  `tgl_ganti_ban_d` datetime NOT NULL,
  `no_seri_ban_e` text NOT NULL,
  `tgl_ganti_ban_e` datetime NOT NULL,
  `ms_ber_stnk` date NOT NULL,
  `ms_ber_keur` date NOT NULL
) ENGINE=InnoDB DEFAULT CHARSET=utf8;

--
-- Dumping data for table `mobil`
--

INSERT INTO `mobil` (`id_mobil`, `plat_no`, `id_dir`, `id_peg`, `type`, `type_code`, `no_seri_ban_a`, `tgl_ganti_ban_a`, `no_seri_ban_b`, `tgl_ganti_ban_b`, `no_seri_ban_c`, `tgl_ganti_ban_c`, `no_seri_ban_d`, `tgl_ganti_ban_d`, `no_seri_ban_e`, `tgl_ganti_ban_e`, `ms_ber_stnk`, `ms_ber_keur`) VALUES
(1, 'F 1853 DW', 1, 1, 'Avanza', 2, 'DFL4113', '2017-07-29 06:43:47', 'DFL4113', '2017-07-29 06:48:21', 'DFL4113', '2017-07-29 06:48:21', 'DFL4313', '2017-07-29 06:43:47', 'DFL4113', '2017-07-29 06:48:21', '2018-05-17', '2018-10-17'),
(6, 'F 8372 AT', 6, 13, 'Colt Diesel Double', 1, '', '0000-00-00 00:00:00', '', '0000-00-00 00:00:00', '', '0000-00-00 00:00:00', '', '0000-00-00 00:00:00', '', '0000-00-00 00:00:00', '2017-08-04', '2017-09-21'),
(7, 'F 8564 AS', 6, 10, 'Colt Diesel Engkel', 1, '', '0000-00-00 00:00:00', '', '0000-00-00 00:00:00', '', '0000-00-00 00:00:00', '', '0000-00-00 00:00:00', '', '0000-00-00 00:00:00', '2017-12-17', '2017-10-02'),
(8, 'F 8254 AN', 6, 20, 'Colt Diesel Engkel', 1, '', '0000-00-00 00:00:00', '', '0000-00-00 00:00:00', '', '0000-00-00 00:00:00', '', '0000-00-00 00:00:00', '', '0000-00-00 00:00:00', '2017-10-21', '2017-09-12'),
(10, 'BE 9793 CL', 6, 16, 'Colt Diesel Engkel', 1, '', '0000-00-00 00:00:00', '', '0000-00-00 00:00:00', '', '0000-00-00 00:00:00', '', '0000-00-00 00:00:00', '', '0000-00-00 00:00:00', '2017-08-18', '2017-08-18'),
(11, 'F 8459 AI', 6, 11, 'L 300', 1, '', '0000-00-00 00:00:00', '', '0000-00-00 00:00:00', '', '0000-00-00 00:00:00', '', '0000-00-00 00:00:00', '', '0000-00-00 00:00:00', '2017-08-02', '2017-11-18'),
(12, 'F 4453 DA', 6, 15, 'Motor Box', 1, '', '0000-00-00 00:00:00', '', '0000-00-00 00:00:00', '', '0000-00-00 00:00:00', '', '0000-00-00 00:00:00', '', '0000-00-00 00:00:00', '2017-09-17', '2017-05-22'),
(14, 'F 8667 SN', 4, 18, 'Colt Diesel Engkel', 1, '', '0000-00-00 00:00:00', '', '0000-00-00 00:00:00', '', '0000-00-00 00:00:00', '', '0000-00-00 00:00:00', '', '0000-00-00 00:00:00', '2017-12-01', '2017-09-02'),
(16, 'B 1758 TFZ', 6, 13, 'Avanza', 1, '', '0000-00-00 00:00:00', '', '0000-00-00 00:00:00', '', '0000-00-00 00:00:00', '', '0000-00-00 00:00:00', '', '0000-00-00 00:00:00', '2018-03-13', '2021-01-14'),
(17, 'F 1743 EE', 4, 19, 'Avanza', 2, '', '0000-00-00 00:00:00', '', '0000-00-00 00:00:00', '', '0000-00-00 00:00:00', '', '0000-00-00 00:00:00', '', '0000-00-00 00:00:00', '2017-12-06', '2017-12-06');

-- --------------------------------------------------------

--
-- Table structure for table `pegawai`
--

CREATE TABLE `pegawai` (
  `id_peg` int(11) NOT NULL,
  `id_dir` int(11) NOT NULL,
  `NIP` int(9) NOT NULL,
  `nama_peg` varchar(30) NOT NULL,
  `jabatan` varchar(30) NOT NULL,
  `golongan` int(11) NOT NULL,
  `tpt_lhr` varchar(12) NOT NULL,
  `tgl_lhr` date NOT NULL,
  `alamat` text NOT NULL,
  `email` varchar(30) NOT NULL,
  `no_hp` varchar(13) NOT NULL
) ENGINE=InnoDB DEFAULT CHARSET=utf8;

--
-- Dumping data for table `pegawai`
--

INSERT INTO `pegawai` (`id_peg`, `id_dir`, `NIP`, `nama_peg`, `jabatan`, `golongan`, `tpt_lhr`, `tgl_lhr`, `alamat`, `email`, `no_hp`) VALUES
(1, 1, 199503805, 'Didi Wulyanto', 'District Business Manager', 5, 'Teluk Bitung', '0000-00-00', 'JL. ELEKTRON V BLOK AA IV NO.5  SEMARANG', 'frengki.anggara@enseval.com', '081394478422'),
(9, 6, 201400434, 'Jajat Sudrajat', 'Driver', 1, 'Bogor', '1981-12-18', 'KP. CIMAHI RT. 028/06 DESA CIBOLANG KALER KEC. CISAAT KAB. SUKABUMI', '', '081511244211'),
(10, 6, 200106183, 'Agus Sukmana', 'Driver', 1, 'Bandung', '1974-08-16', 'LOJI GG. MESJID III RT 02/XI NO. 65 BOGOR', '', '-'),
(11, 6, 201302485, 'Iskandar', 'Driver', 1, 'Sukabumi', '1983-03-06', 'JL. RAYA CIBOLANG KALER RT 04 RW 02 CISAAT KAB. SUKABUMI', '', '085720668389'),
(13, 6, 567894312, 'Jajah Zahrudin', 'Trans Coord', 3, 'Bogor', '2017-05-22', 'Enseval', '', '-'),
(15, 6, 321463899, 'Rudi', 'Loper', 1, 'Sukabumi', '2017-05-22', 'Enseval', '', '-'),
(16, 3, 199904999, 'Edi Jayadi', 'Driver', 1, 'Garut', '1968-01-11', 'KOTA BATU RT 04/IV KEC. CIOMAS BOGOR\r\n', '', '081585384873'),
(17, 4, 201600200, 'Joni Suhata', 'Driver', 1, 'Cirebon', '1991-06-20', 'JL. SAFIR 8 NO. 162 RT. 003 RW. 001 KEL. BAROS KEC. BAROS KOTA SUKABUMI', '', '085797416772'),
(18, 4, 200207993, 'Deni Sutisna', 'Driver', 1, 'Bogor', '1976-12-08', 'JL. RANGGA MEKAR RT. 04/03 KP. MEKAR WANGI BOGOR 16132', '', '085723094428'),
(19, 4, 200700093, 'Ari Irawan', 'Field Sales Supervisor', 4, 'Bandung', '1979-07-19', 'Jl. KOPO BIHBUL  GG. H. IDRIS No. 2 RT. 004 RW.002 DESA SAYATI KEC. MARGAHAYU', '', '081343052182'),
(20, 0, 201300900, 'Hendra Kurniawan', 'Driver', 1, 'Bogor', '1984-07-29', '-', '', '-');

-- --------------------------------------------------------

--
-- Table structure for table `service`
--

CREATE TABLE `service` (
  `id_svc` int(11) NOT NULL,
  `kode_svc` varchar(13) NOT NULL,
  `id_mobil` int(11) NOT NULL,
  `id_bkl` int(11) NOT NULL,
  `req_date` datetime NOT NULL DEFAULT CURRENT_TIMESTAMP,
  `app1_date` datetime NOT NULL,
  `app2_date` datetime NOT NULL,
  `closed_date` datetime NOT NULL,
  `status` enum('REQUESTED','APPROVED_1','APPROVED_2','CLOSED') NOT NULL DEFAULT 'REQUESTED',
  `cost_est` bigint(30) NOT NULL,
  `kodeuser` varchar(10) NOT NULL,
  `tax` bigint(30) NOT NULL
) ENGINE=InnoDB DEFAULT CHARSET=utf8;

--
-- Dumping data for table `service`
--

INSERT INTO `service` (`id_svc`, `kode_svc`, `id_mobil`, `id_bkl`, `req_date`, `app1_date`, `app2_date`, `closed_date`, `status`, `cost_est`, `kodeuser`, `tax`) VALUES
(1, 'SVC-381517516', 17, 1, '2017-06-15 09:55:51', '2017-06-15 10:49:15', '2017-06-15 10:49:24', '2017-07-15 09:03:53', 'CLOSED', 2300300, 'US-3523179', 230030),
(4, 'SVC-092417567', 16, 3, '2017-06-24 10:48:16', '2017-06-24 10:57:34', '2017-06-29 09:23:35', '0000-00-00 00:00:00', 'APPROVED_2', 300000, 'US-0908164', 30000),
(6, 'SVC-432917461', 8, 3, '2017-06-29 09:38:53', '2017-06-29 11:15:17', '2017-07-04 10:13:44', '0000-00-00 00:00:00', 'APPROVED_2', 25000, 'US-1623171', 2500),
(7, 'SVC-041217299', 10, 3, '2017-07-12 13:47:39', '2017-07-15 08:16:02', '2017-07-15 08:48:55', '0000-00-00 00:00:00', 'APPROVED_2', 325000, 'US-2123179', 32500),
(15, 'SVC-451417063', 8, 3, '2017-07-14 12:51:59', '2017-07-28 13:36:53', '2017-07-29 08:38:56', '0000-00-00 00:00:00', 'APPROVED_2', 300000, 'US-1623171', 30000),
(17, 'SVC-272717551', 1, 5, '2017-07-27 11:34:43', '2017-07-28 13:37:19', '2017-07-29 08:38:41', '0000-00-00 00:00:00', 'APPROVED_2', 1080008, 'US-0823177', 108001),
(20, 'SVC-172917025', 14, 3, '2017-07-29 11:02:25', '2017-07-29 11:41:19', '2017-07-29 11:54:23', '0000-00-00 00:00:00', 'APPROVED_2', 650000, 'US-3523179', 65000);

-- --------------------------------------------------------

--
-- Table structure for table `sparepart`
--

CREATE TABLE `sparepart` (
  `id_sprt` int(11) NOT NULL,
  `id_bkl` int(11) NOT NULL,
  `nama_sprt` varchar(30) NOT NULL,
  `harga_sprt` bigint(30) NOT NULL
) ENGINE=InnoDB DEFAULT CHARSET=utf8;

--
-- Dumping data for table `sparepart`
--

INSERT INTO `sparepart` (`id_sprt`, `id_bkl`, `nama_sprt`, `harga_sprt`) VALUES
(16, 4, 'Ban', 450000),
(17, 3, 'Oil Filter', 100000),
(18, 3, 'Air Filter', 150000),
(19, 3, 'Lampu Rem', 50000),
(20, 3, 'Aki', 5000),
(21, 3, 'Lampu Rem', 50000),
(22, 3, 'Lampu Box', 25000),
(23, 3, 'Minyak Rem', 175000),
(24, 4, 'Ban Truck', 850000),
(25, 3, 'Master Rem', 1370000),
(26, 3, 'Pompa Rem', 1370000),
(27, 3, 'Stabilizer Link', 750000),
(28, 3, 'Karet Rem', 10000),
(29, 3, 'Filter Solar', 175000),
(30, 3, 'Klakson', 75000),
(31, 5, 'Oil Filter', 28500),
(32, 5, 'TMO SYN', 323000),
(33, 5, 'Break Cleaner', 57427),
(34, 5, 'Engine Flush', 57427),
(35, 5, 'Injector Carbon', 207046),
(36, 5, 'Disc Clutch', 503500),
(37, 5, 'Bearing Clutch', 313500),
(38, 5, 'Cable Clutch', 218500),
(39, 5, 'Cover Clutch', 451250),
(40, 3, 'Lakher', 50000);

-- --------------------------------------------------------

--
-- Table structure for table `user_man`
--

CREATE TABLE `user_man` (
  `id_user` int(5) NOT NULL,
  `kodeUser` varchar(10) NOT NULL,
  `last_name` varchar(150) NOT NULL,
  `first_name` varchar(150) NOT NULL,
  `jk` varchar(50) NOT NULL,
  `alamat` varchar(150) NOT NULL,
  `no_hp` varchar(150) NOT NULL,
  `tgl_lahir` varchar(50) NOT NULL,
  `username` varchar(150) NOT NULL,
  `password` varchar(150) NOT NULL,
  `email` varchar(50) NOT NULL,
  `photo` varchar(150) NOT NULL,
  `akses` int(11) NOT NULL
) ENGINE=InnoDB DEFAULT CHARSET=latin1;

--
-- Dumping data for table `user_man`
--

INSERT INTO `user_man` (`id_user`, `kodeUser`, `last_name`, `first_name`, `jk`, `alamat`, `no_hp`, `tgl_lahir`, `username`, `password`, `email`, `photo`, `akses`) VALUES
(11, 'US-0908164', 'Brogrammer', 'EngiNerd', 'L', 'medan', '0999', '1997-02-01', 'superadmin', 'superadmin', 'frengki.anggara@enseval.com', 'il_340x270.1186456977_cx1g.jpg', 3),
(15, 'US-1617174', 'Enseval', 'Security', 'L', 'Jl. Raya Cibolang', '0856723541', '2017/05/17', 'security', 'enseval123', '', 'man-8.png', 4),
(16, 'US-1623171', 'Transportasi', 'Admin', 'L', 'Enseval', '0856123456', '2017/05/23', 'ski.exp', 'trans123', 'muhammad.sanjaya@enseval.com', 'IMG_20151119_085729 (480x640).jpg', 2),
(17, 'US-5423175', 'Ledger', 'General', 'P', 'Enseval', '0856123456', '2017/05/23', 'ski.gl', 'finance123', '', '435915-chelsea-islan.jpg', 5),
(18, 'US-2123179', 'KND', 'Admin', 'P', 'Enseval', '085672345611', '2017/05/23', 'ski.knd', 'knd123', 'mia.mawarsari@enseval.com', 'img1.jpg', 2),
(19, 'US-3523179', 'CHD', 'Admin', 'P', 'Enseval', '0856767859', '2017/05/23', 'ski.chd', 'chd123', 'septia.maulani@enseval.com', 'SS.jpg', 2),
(20, 'US-2323176', 'Pharma', 'Admin', 'P', 'Enseval', '0858678590', '2017/05/23', 'ski.phm', 'phm123', 'neng.ismi@enseval.com', '435915-chelsea-islan.jpg', 2),
(21, 'US-0823177', 'DBM', 'Sekretaris', 'P', 'Enseval', '0858678950', '2017/05/23', 'ski.sec', 'sec123', 'mayasari@enseval.com', 'img1.jpg', 2),
(23, 'US-5323179', 'Koordinator', 'Transportasi', 'L', 'Enseval', '3564563465436', '2017/05/23', 'trp.cor', 'trpcor123', 'jajah.zahrudin@enseval.com', 'man-8.png', 3),
(24, 'US-3427170', 'Sukabumi', 'DBM', 'L', 'Enseval', '0812607893', '2017/05/27', 'dbm_ski', 'welcomedbm', 'didi.wulyanto@enseval.com', 't3.jpg', 3);

--
-- Indexes for dumped tables
--

--
-- Indexes for table `bengkel`
--
ALTER TABLE `bengkel`
  ADD PRIMARY KEY (`id_bkl`),
  ADD UNIQUE KEY `kode_bkl` (`kode_bkl`);

--
-- Indexes for table `bensin`
--
ALTER TABLE `bensin`
  ADD PRIMARY KEY (`id_bensin`);

--
-- Indexes for table `detail_gs`
--
ALTER TABLE `detail_gs`
  ADD PRIMARY KEY (`id_detail`);

--
-- Indexes for table `detail_service`
--
ALTER TABLE `detail_service`
  ADD PRIMARY KEY (`id_detail`);

--
-- Indexes for table `direktorat`
--
ALTER TABLE `direktorat`
  ADD PRIMARY KEY (`id_dir`);

--
-- Indexes for table `ganti_sparepart`
--
ALTER TABLE `ganti_sparepart`
  ADD PRIMARY KEY (`id_spr`),
  ADD UNIQUE KEY `kode_spr` (`kode_spr`),
  ADD UNIQUE KEY `kode_spr_2` (`kode_spr`);

--
-- Indexes for table `kat_service`
--
ALTER TABLE `kat_service`
  ADD PRIMARY KEY (`id_serv`);

--
-- Indexes for table `kilometer`
--
ALTER TABLE `kilometer`
  ADD PRIMARY KEY (`id_km`);

--
-- Indexes for table `mobil`
--
ALTER TABLE `mobil`
  ADD PRIMARY KEY (`id_mobil`),
  ADD UNIQUE KEY `plat_no` (`plat_no`);

--
-- Indexes for table `pegawai`
--
ALTER TABLE `pegawai`
  ADD PRIMARY KEY (`id_peg`),
  ADD UNIQUE KEY `NIP` (`NIP`);

--
-- Indexes for table `service`
--
ALTER TABLE `service`
  ADD PRIMARY KEY (`id_svc`),
  ADD UNIQUE KEY `kode_svc` (`kode_svc`),
  ADD UNIQUE KEY `kode_svc_2` (`kode_svc`);

--
-- Indexes for table `sparepart`
--
ALTER TABLE `sparepart`
  ADD PRIMARY KEY (`id_sprt`);

--
-- Indexes for table `user_man`
--
ALTER TABLE `user_man`
  ADD PRIMARY KEY (`id_user`),
  ADD UNIQUE KEY `kodeUser` (`kodeUser`);

--
-- AUTO_INCREMENT for dumped tables
--

--
-- AUTO_INCREMENT for table `bengkel`
--
ALTER TABLE `bengkel`
  MODIFY `id_bkl` int(11) NOT NULL AUTO_INCREMENT, AUTO_INCREMENT=6;
--
-- AUTO_INCREMENT for table `bensin`
--
ALTER TABLE `bensin`
  MODIFY `id_bensin` int(11) NOT NULL AUTO_INCREMENT, AUTO_INCREMENT=20;
--
-- AUTO_INCREMENT for table `detail_gs`
--
ALTER TABLE `detail_gs`
  MODIFY `id_detail` int(11) NOT NULL AUTO_INCREMENT, AUTO_INCREMENT=36;
--
-- AUTO_INCREMENT for table `detail_service`
--
ALTER TABLE `detail_service`
  MODIFY `id_detail` int(11) NOT NULL AUTO_INCREMENT, AUTO_INCREMENT=26;
--
-- AUTO_INCREMENT for table `direktorat`
--
ALTER TABLE `direktorat`
  MODIFY `id_dir` int(11) NOT NULL AUTO_INCREMENT, AUTO_INCREMENT=7;
--
-- AUTO_INCREMENT for table `ganti_sparepart`
--
ALTER TABLE `ganti_sparepart`
  MODIFY `id_spr` int(11) NOT NULL AUTO_INCREMENT, AUTO_INCREMENT=30;
--
-- AUTO_INCREMENT for table `kat_service`
--
ALTER TABLE `kat_service`
  MODIFY `id_serv` int(11) NOT NULL AUTO_INCREMENT, AUTO_INCREMENT=13;
--
-- AUTO_INCREMENT for table `kilometer`
--
ALTER TABLE `kilometer`
  MODIFY `id_km` int(11) NOT NULL AUTO_INCREMENT, AUTO_INCREMENT=409;
--
-- AUTO_INCREMENT for table `mobil`
--
ALTER TABLE `mobil`
  MODIFY `id_mobil` int(11) NOT NULL AUTO_INCREMENT, AUTO_INCREMENT=18;
--
-- AUTO_INCREMENT for table `pegawai`
--
ALTER TABLE `pegawai`
  MODIFY `id_peg` int(11) NOT NULL AUTO_INCREMENT, AUTO_INCREMENT=21;
--
-- AUTO_INCREMENT for table `service`
--
ALTER TABLE `service`
  MODIFY `id_svc` int(11) NOT NULL AUTO_INCREMENT, AUTO_INCREMENT=21;
--
-- AUTO_INCREMENT for table `sparepart`
--
ALTER TABLE `sparepart`
  MODIFY `id_sprt` int(11) NOT NULL AUTO_INCREMENT, AUTO_INCREMENT=41;
--
-- AUTO_INCREMENT for table `user_man`
--
ALTER TABLE `user_man`
  MODIFY `id_user` int(5) NOT NULL AUTO_INCREMENT, AUTO_INCREMENT=25;
/*!40101 SET CHARACTER_SET_CLIENT=@OLD_CHARACTER_SET_CLIENT */;
/*!40101 SET CHARACTER_SET_RESULTS=@OLD_CHARACTER_SET_RESULTS */;
/*!40101 SET COLLATION_CONNECTION=@OLD_COLLATION_CONNECTION */;
