-- phpMyAdmin SQL Dump
-- version 4.5.1
-- http://www.phpmyadmin.net
--
-- Host: 127.0.0.1
-- Generation Time: Jan 07, 2018 at 04:47 PM
-- Server version: 10.1.19-MariaDB
-- PHP Version: 7.0.13

SET SQL_MODE = "NO_AUTO_VALUE_ON_ZERO";
SET time_zone = "+00:00";


/*!40101 SET @OLD_CHARACTER_SET_CLIENT=@@CHARACTER_SET_CLIENT */;
/*!40101 SET @OLD_CHARACTER_SET_RESULTS=@@CHARACTER_SET_RESULTS */;
/*!40101 SET @OLD_COLLATION_CONNECTION=@@COLLATION_CONNECTION */;
/*!40101 SET NAMES utf8mb4 */;

--
-- Database: `vecoms`
--

-- --------------------------------------------------------

--
-- Table structure for table `bengkel`
--

CREATE TABLE `bengkel` (
  `id_bkl` int(11) NOT NULL,
  `kode_bkl` varchar(11) NOT NULL,
  `nama_bkl` varchar(25) NOT NULL,
  `alamat` text NOT NULL,
  `no_telp` varchar(25) NOT NULL,
  `contact_person` varchar(50) NOT NULL,
  `no_kontrak` varchar(30) NOT NULL,
  `tgl_berlaku_kontrak` date NOT NULL
) ENGINE=InnoDB DEFAULT CHARSET=utf8;

--
-- Dumping data for table `bengkel`
--

INSERT INTO `bengkel` (`id_bkl`, `kode_bkl`, `nama_bkl`, `alamat`, `no_telp`, `contact_person`, `no_kontrak`, `tgl_berlaku_kontrak`) VALUES
(3, 'BKL-5611175', 'Cipendawa Motor', 'Jl. Pelabuhan II', '', 'Nita', '005/EPM-BKL/III/2017', '2018-04-30'),
(4, 'BKL-1806174', 'Pelangi Ban', 'Jl. Bhayangkara No. 111, Gunungpuyuh', '0266 222465', 'Bp. Adit', '-', '2018-01-05'),
(5, 'BKL-0727174', 'Auto 2000 Bandung', 'Jl. Sukarno Hatta No. 145, Bandung', '022-6022000', '-', '-', '2017-07-04'),
(6, 'BKL-5410172', 'Auto 2000 Cemerlang', 'Cemerlang Sukabumi', '-', '-', '-', '0000-00-00'),
(7, 'BKL-3123172', 'Auto 2000 Sukalarang', 'Cipetir, Sukalarang, Sukabumi', '-', '-', '-', '2017-10-23'),
(8, 'BKL-5906170', 'Bengkel Umum', 'Sukabumi', '-', '-', '-', '2017-12-06');

-- --------------------------------------------------------

--
-- Table structure for table `bensin`
--

CREATE TABLE `bensin` (
  `id_bensin` int(11) NOT NULL,
  `id_mobil` int(11) NOT NULL,
  `id_peg` int(11) NOT NULL,
  `bensin` float NOT NULL,
  `km_bensin` float NOT NULL,
  `harga` bigint(20) NOT NULL,
  `datetime` datetime NOT NULL DEFAULT CURRENT_TIMESTAMP,
  `tgl_isi` datetime NOT NULL,
  `rasio` float NOT NULL
) ENGINE=InnoDB DEFAULT CHARSET=utf8;

--
-- Dumping data for table `bensin`
--

INSERT INTO `bensin` (`id_bensin`, `id_mobil`, `id_peg`, `bensin`, `km_bensin`, `harga`, `datetime`, `tgl_isi`, `rasio`) VALUES
(2, 17, 19, 40.794, 70231, 267200, '2017-06-13 14:25:10', '2017-06-13 14:25:10', 10.933),
(4, 17, 19, 33.333, 70677, 218331, '2017-06-21 09:55:14', '2017-06-21 09:55:14', 12.2401),
(6, 1, 1, 20, 69233, 131000, '2017-06-21 14:01:39', '2017-06-21 14:01:39', 8.75),
(7, 1, 1, 27, 69408, 176850, '2017-06-24 10:30:55', '2017-06-24 10:30:55', 16.4815),
(8, 1, 1, 29.5, 69853, 193225, '2017-06-29 09:13:35', '2017-06-29 09:13:35', 42.2712),
(9, 17, 19, 15.267, 71085, 99998, '2017-07-01 10:13:30', '2017-07-01 10:13:30', 10.4801),
(10, 17, 19, 41.022, 71245, 268694, '2017-07-01 10:13:58', '2017-07-01 10:13:58', 12.0911),
(11, 17, 19, 13.33, 71741, 87311, '2017-07-01 10:14:22', '2017-07-01 10:14:22', 6.82671),
(12, 17, 19, 38.19, 71832, 250144, '2017-07-04 15:43:22', '2017-07-04 15:43:22', 10.2121),
(13, 17, 19, 32.574, 72222, 213359, '2017-07-12 16:30:28', '2017-07-12 16:30:28', 14.9506),
(16, 1, 1, 27.2, 71100, 178455, '2017-07-15 08:09:27', '2017-07-14 00:00:00', 14.9632),
(17, 17, 19, 26.66, 72709, 200000, '2017-07-24 11:05:19', '2017-07-15 00:00:00', 12.078),
(18, 17, 19, 22.9, 73031, 150000, '2017-07-28 16:07:49', '2017-07-26 00:00:00', 13.8865),
(19, 17, 19, 41.343, 73349, 270797, '2017-07-28 16:08:16', '2017-07-28 00:00:00', 21.5514),
(20, 1, 1, 35.57, 71507, 6550, '2017-07-31 07:58:16', '2017-07-29 00:00:00', 13.7194),
(21, 1, 1, 13.33, 71995, 100000, '2017-08-08 09:50:22', '2017-08-04 00:00:00', 6.90173),
(22, 1, 1, 13.33, 72087, 100000, '2017-08-08 09:50:59', '2017-08-06 00:00:00', 16.054),
(25, 1, 1, 20, 72301, 150000, '2017-08-12 13:34:10', '2017-07-30 00:00:00', 2.1),
(26, 1, 1, 15.267, 72343, 100000, '2017-08-12 13:34:42', '2017-08-12 00:00:00', 25.0213),
(27, 17, 19, 34.94, 74240, 262050, '2017-08-14 15:12:43', '2017-08-12 00:00:00', 15.7413),
(28, 17, 19, 33.33, 74790, 250000, '2017-08-19 09:52:40', '2017-08-15 00:00:00', 26.9127),
(29, 1, 1, 34.35, 72725, 257625, '2017-08-24 09:07:13', '2017-08-16 00:00:00', 12.7802),
(31, 1, 1, 34.446, 73164, 225621, '2017-08-24 09:09:44', '2017-08-24 00:00:00', 10.7705),
(32, 17, 19, 34.25, 75687, 224338, '2017-08-26 12:46:52', '2017-08-26 00:00:00', 11.562),
(33, 1, 1, 26.667, 73535, 200000, '2017-08-30 14:23:03', '2017-08-30 00:00:00', 14.9998),
(34, 17, 19, 35.45, 76083, 232198, '2017-09-06 16:33:53', '2017-08-31 00:00:00', 11.3681),
(35, 1, 1, 26.66, 73935, 200000, '2017-09-07 14:25:35', '2017-09-03 00:00:00', 14.5911),
(36, 1, 1, 33.333, 74324, 250000, '2017-09-09 10:05:57', '2017-09-08 00:00:00', 10.8601),
(37, 17, 19, 33.58, 76486, 220000, '2017-09-14 08:18:48', '2017-09-09 00:00:00', 10.1549),
(38, 17, 19, 20, 76827, 150000, '2017-09-14 09:05:29', '2017-09-14 00:00:00', 13.65),
(39, 1, 1, 26.667, 74686, 200000, '2017-09-15 14:34:30', '2017-09-15 00:00:00', 11.2124),
(40, 17, 19, 22.91, 77100, 150000, '2017-09-18 14:07:17', '2017-09-16 00:00:00', 14.1423),
(41, 17, 19, 20, 77424, 150000, '2017-09-22 11:17:27', '2017-09-19 00:00:00', 13.5),
(42, 17, 19, 26.66, 77694, 200000, '2017-09-22 11:17:57', '2017-09-20 00:00:00', 11.7029),
(43, 1, 1, 20, 74985, 150000, '2017-09-22 15:51:45', '2017-09-20 00:00:00', 19.05),
(44, 1, 1, 29.333, 75366, 220000, '2017-09-25 08:16:51', '2017-09-23 00:00:00', 7.56827),
(45, 17, 19, 36.64, 78006, 239992, '2017-09-25 15:29:20', '2017-09-23 00:00:00', 10.917),
(46, 1, 1, 13.33, 75588, 100000, '2017-09-26 10:12:27', '2017-09-24 00:00:00', 54.2386),
(47, 17, 19, 6.55, 78406, 100000, '2017-09-30 10:21:15', '2017-09-28 00:00:00', 93.5878),
(48, 1, 1, 32.124, 76311, 240930, '2017-10-07 10:14:58', '2017-10-06 00:00:00', 10.49),
(49, 17, 19, 35.12, 79019, 230000, '2017-10-12 16:46:10', '2017-10-07 00:00:00', 12.3007),
(50, 1, 1, 25.984, 76648, 194880, '2017-10-14 09:39:26', '2017-10-13 00:00:00', 16.6641),
(51, 17, 19, 41.15, 79451, 308625, '2017-10-14 09:41:40', '2017-10-13 00:00:00', 11.3973),
(52, 17, 19, 41.237, 79920, 270102, '2017-10-21 08:42:35', '2017-10-20 00:00:00', 14.5015),
(53, 1, 1, 30.35, 77081, 200000, '2017-10-21 12:13:15', '2017-10-20 00:00:00', 12.29),
(54, 17, 19, 30.53, 80518, 200000, '2017-10-24 14:35:42', '2017-10-23 00:00:00', 10.5798),
(55, 1, 1, 20, 77454, 150000, '2017-10-25 14:41:04', '2017-10-25 00:00:00', 6.55),
(56, 1, 1, 20, 77585, 150000, '2017-10-30 09:11:18', '2017-10-28 00:00:00', 15.4),
(57, 17, 19, 40.65, 80841, 266258, '2017-11-02 15:52:47', '2017-10-28 00:00:00', 9.10209),
(58, 1, 1, 26.66, 77893, 200000, '2017-11-04 10:54:41', '2017-11-02 00:00:00', 13.4659),
(59, 1, 1, 32.497, 78252, 243728, '2017-11-04 10:55:40', '2017-11-04 00:00:00', 10.2779),
(60, 17, 19, 20, 81211, 150000, '2017-11-10 14:09:54', '2017-11-04 00:00:00', 16.25),
(61, 17, 19, 22.91, 81536, 150000, '2017-11-10 14:11:20', '2017-11-08 00:00:00', 11.6107),
(62, 1, 1, 22.67, 78586, 170000, '2017-11-11 10:49:58', '2017-11-10 00:00:00', 15.5271),
(63, 17, 19, 39.385, 81802, 295388, '2017-11-14 09:02:45', '2017-11-11 00:00:00', 11.6542),
(64, 1, 1, 33.588, 78938, 220000, '2017-11-17 15:20:18', '2017-11-17 00:00:00', 10.599),
(65, 17, 19, 20, 82261, 150000, '2017-11-20 11:13:07', '2017-11-16 00:00:00', 11.8),
(66, 17, 19, 38.16, 82497, 250000, '2017-11-20 11:13:50', '2017-11-18 00:00:00', 10.2463),
(67, 1, 1, 29.333, 79294, 220000, '2017-11-24 14:28:06', '2017-11-24 00:00:00', 13.3297),
(68, 17, 19, 13.333, 82888, 100000, '2017-11-25 11:00:03', '2017-11-23 00:00:00', 9.22523),
(69, 17, 19, 27.4, 83011, 180000, '2017-11-30 13:48:09', '2017-11-25 00:00:00', 15.4015),
(70, 1, 1, 28, 79685, 210000, '2017-11-30 15:22:15', '2017-11-30 00:00:00', 15.6071),
(71, 17, 19, 44.25, 83433, 331875, '2017-12-06 11:43:33', '2017-11-30 00:00:00', 15.0056),
(72, 17, 19, 13.333, 84097, 100000, '2017-12-06 11:44:13', '2017-12-04 00:00:00', 8.40021),
(73, 1, 1, 37.147, 80122, 278603, '2017-12-09 10:55:58', '2017-12-06 00:00:00', 11.9256),
(74, 17, 19, 20, 84209, 150000, '2017-12-11 11:40:16', '2017-12-07 00:00:00', 11.85),
(75, 17, 19, 30.534, 84446, 200000, '2017-12-11 11:40:48', '2017-12-09 00:00:00', 11.3971),
(76, 1, 1, 29.333, 80565, 220000, '2017-12-15 15:08:31', '2017-12-15 00:00:00', 13.4661),
(77, 17, 19, 20, 84794, 150000, '2017-12-16 11:25:18', '2017-12-14 00:00:00', 13.6),
(78, 17, 19, 39.512, 85066, 258804, '2017-12-21 11:52:00', '2017-12-16 00:00:00', 0),
(79, 1, 1, 33.33, 80960, 250000, '2017-12-23 10:10:58', '2017-12-22 00:00:00', 0);

-- --------------------------------------------------------

--
-- Table structure for table `detail_gs`
--

CREATE TABLE `detail_gs` (
  `id_detail` int(11) NOT NULL,
  `kode_spr` varchar(13) NOT NULL,
  `id_mobil` int(11) NOT NULL,
  `tgl_ganti` datetime NOT NULL DEFAULT CURRENT_TIMESTAMP,
  `id_sprt` int(11) NOT NULL,
  `nama_sprt` varchar(30) NOT NULL,
  `arr_kode_ban` text NOT NULL,
  `harga_sprt` bigint(30) NOT NULL,
  `jumlah` int(11) NOT NULL,
  `tax` bigint(30) NOT NULL
) ENGINE=InnoDB DEFAULT CHARSET=utf8;

--
-- Dumping data for table `detail_gs`
--

INSERT INTO `detail_gs` (`id_detail`, `kode_spr`, `id_mobil`, `tgl_ganti`, `id_sprt`, `nama_sprt`, `arr_kode_ban`, `harga_sprt`, `jumlah`, `tax`) VALUES
(1, 'SPR-551317383', 17, '2017-06-13 14:44:54', 16, 'Ban', '', 450000, 2, 90000),
(3, 'SPR-362917520', 8, '2017-06-29 11:09:36', 17, 'Oil Filter', '', 100000, 1, 10000),
(4, 'SPR-362917520', 8, '2017-06-29 11:09:49', 18, 'Air Filter', '', 150000, 1, 15000),
(5, 'SPR-362917520', 8, '2017-06-29 11:10:05', 20, 'Aki', '', 5000, 4, 2000),
(6, 'SPR-362917520', 8, '2017-06-29 11:11:20', 21, 'Lampu Rem', '', 50000, 1, 5000),
(7, 'SPR-350417754', 11, '2017-07-04 10:08:49', 21, 'Lampu Rem', '', 50000, 1, 5000),
(8, 'SPR-350417754', 11, '2017-07-04 10:09:03', 22, 'Lampu Box', '', 25000, 1, 2500),
(9, 'SPR-350417754', 11, '2017-07-04 10:09:18', 23, 'Minyak Rem', '', 175000, 1, 17500),
(10, 'SPR-350417754', 11, '2017-07-04 10:09:27', 20, 'Aki', '', 5000, 12, 6000),
(11, 'SPR-581217155', 10, '2017-07-12 13:58:37', 17, 'Oil Filter', '', 100000, 1, 10000),
(13, 'SPR-411417403', 8, '2017-07-14 10:45:32', 25, 'Master Rem', '', 1370000, 2, 274000),
(14, 'SPR-411417403', 8, '2017-07-14 10:45:44', 26, 'Pompa Rem', '', 1370000, 2, 274000),
(15, 'SPR-092217666', 10, '2017-07-21 15:45:03', 23, 'Minyak Rem', '', 175000, 1, 17500),
(16, 'SPR-092217666', 10, '2017-07-21 15:45:21', 28, 'Karet Rem', '', 10000, 4, 4000),
(17, 'SPR-272217090', 16, '2017-07-22 13:06:07', 27, 'Stabilizer Link', '', 750000, 1, 75000),
(18, 'SPR-012617877', 0, '2017-07-26 12:38:31', 18, 'Air Filter', '', 150000, 1, 15000),
(19, 'SPR-012617877', 0, '2017-07-26 14:19:10', 29, 'Filter Solar', '', 175000, 1, 17500),
(20, 'SPR-502717524', 7, '2017-07-27 09:33:35', 30, 'Klakson', '', 75000, 1, 7500),
(21, 'SPR-012717104', 1, '2017-07-27 11:38:42', 31, 'Oil Filter', '', 28500, 1, 2850),
(22, 'SPR-012717104', 1, '2017-07-27 11:39:07', 32, 'TMO SYN', '', 323000, 1, 32300),
(23, 'SPR-012717104', 1, '2017-07-27 11:39:25', 33, 'Break Cleaner', '', 57427, 1, 5743),
(24, 'SPR-012717104', 1, '2017-07-27 11:39:40', 34, 'Engine Flush', '', 57427, 1, 5743),
(25, 'SPR-012717104', 1, '2017-07-27 11:39:54', 35, 'Injector Carbon', '', 207406, 1, 20741),
(26, 'SPR-012717104', 1, '2017-07-27 11:40:07', 36, 'Disc Clutch', '', 503500, 1, 50350),
(27, 'SPR-012717104', 1, '2017-07-27 11:40:37', 37, 'Bearing Clutch', '', 313500, 1, 31350),
(28, 'SPR-012717104', 1, '2017-07-27 11:40:52', 38, 'Cable Clutch', '', 218500, 1, 21850),
(29, 'SPR-012717104', 1, '2017-07-27 11:46:13', 39, 'Cover Clutch', '', 451250, 1, 45125),
(30, 'SPR-022817603', 16, '2017-07-28 13:43:30', 40, 'Lakher', '', 50000, 2, 10000),
(31, 'SPR-272917168', 14, '2017-07-29 09:18:18', 29, 'Filter Solar', '', 175000, 1, 17500),
(32, 'SPR-410817331', 7, '2017-08-08 10:19:20', 41, 'Lampu Depan', '', 50000, 1, 5000),
(33, 'SPR-352517341', 11, '2017-08-25 11:05:21', 17, 'Oil Filter', '', 100000, 1, 10000),
(34, 'SPR-352517341', 11, '2017-08-25 11:05:37', 18, 'Air Filter', '', 150000, 1, 15000),
(35, 'SPR-352517341', 11, '2017-08-25 11:05:52', 42, 'Minyak Kopling', '', 35000, 1, 3500),
(36, 'SPR-392517473', 11, '2017-08-25 11:07:20', 16, 'Ban', 'A,C', 575000, 2, 115000),
(37, 'SPR-352517341', 11, '2017-08-30 09:51:08', 45, 'Master Kopling', '', 170000, 1, 17000),
(38, 'SPR-352517341', 11, '2017-08-30 09:51:18', 43, 'Tairot', '', 350000, 1, 35000),
(39, 'SPR-352517341', 11, '2017-08-30 09:51:28', 44, 'Ball Joint', '', 350000, 1, 35000),
(40, 'SPR-200417749', 14, '2017-09-04 09:10:49', 24, 'Ban Truck', 'C,E', 850000, 2, 170000),
(41, 'SPR-160517433', 11, '2017-09-05 09:53:41', 46, 'Dark Link', '', 350000, 1, 35000),
(42, 'SPR-160517433', 11, '2017-09-05 09:53:49', 47, 'Arm', '', 1050000, 1, 105000),
(45, 'SPR-252317758', 1, '2017-09-23 10:28:12', 16, 'Ban', 'D', 575000, 1, 57500),
(46, 'SPR-522517317', 8, '2017-09-25 10:15:15', 50, 'Sekring', '', 50000, 1, 5000),
(47, 'SPR-522517317', 8, '2017-09-25 10:18:55', 49, 'Seal Minyak Rem', '', 250000, 1, 25000),
(48, 'SPR-162617401', 8, '2017-09-26 08:26:45', 29, 'Filter Solar', '', 175000, 1, 17500),
(51, 'SPR-092617463', 10, '2017-09-26 15:17:00', 30, 'Klakson', '', 75000, 2, 15000),
(52, 'SPR-092617463', 10, '2017-09-26 15:17:19', 21, 'Lampu Rem', '', 50000, 1, 5000),
(53, 'SPR-311817991', 10, '2017-10-18 09:20:41', 24, 'Ban Truck', 'C,D', 850000, 2, 170000),
(55, 'SPR-122017536', 16, '2017-10-20 11:24:36', 52, 'Kanvas Kopling (Avanza)', '', 530000, 1, 53000),
(56, 'SPR-122017536', 16, '2017-10-20 11:24:46', 53, 'Dekrup', '', 425000, 1, 42500),
(57, 'SPR-122017536', 16, '2017-10-20 11:24:55', 54, 'Deklaher', '', 330000, 1, 33000),
(58, 'SPR-552317418', 6, '2017-10-23 11:18:58', 24, 'Ban Truck', 'B', 850000, 1, 85000),
(59, 'SPR-332417284', 6, '2017-10-24 11:22:07', 30, 'Klakson', '', 75000, 1, 7500),
(60, 'SPR-072517896', 1, '2017-10-26 09:18:49', 33, 'Brake Cleaner', '', 57427, 1, 5743),
(61, 'SPR-072517896', 1, '2017-10-26 09:20:33', 31, 'Oil Filter', '', 28500, 1, 2850),
(62, 'SPR-072517896', 1, '2017-10-26 09:21:25', 55, 'Chamber Clean', '', 224250, 1, 22425),
(64, 'SPR-072517896', 1, '2017-10-26 09:31:27', 56, 'Castrol MTF', '', 55517, 4, 22207),
(65, 'SPR-072517896', 1, '2017-10-26 09:32:26', 57, 'Plug Spark', '', 25650, 4, 10260),
(66, 'SPR-072517896', 1, '2017-10-26 09:32:55', 58, 'Brake Fluid', '', 42750, 2, 8550),
(67, 'SPR-072517896', 1, '2017-10-26 09:33:27', 32, 'TMO SYN', '', 323000, 1, 32300),
(68, 'SPR-072517896', 1, '2017-10-26 09:33:56', 59, 'Material Balancing', '', 21450, 4, 8580),
(69, 'SPR-270517813', 16, '2017-12-05 13:43:52', 71, 'Aki Avanza', '', 700000, 1, 70000);

-- --------------------------------------------------------

--
-- Table structure for table `detail_service`
--

CREATE TABLE `detail_service` (
  `id_detail` int(11) NOT NULL,
  `kode_svc` varchar(13) NOT NULL,
  `id_mobil` int(11) NOT NULL,
  `km` int(20) NOT NULL,
  `id_serv` int(11) NOT NULL,
  `nama_serv` varchar(30) NOT NULL,
  `harga_serv` bigint(30) NOT NULL,
  `tax` bigint(30) NOT NULL
) ENGINE=InnoDB DEFAULT CHARSET=utf8;

--
-- Dumping data for table `detail_service`
--

INSERT INTO `detail_service` (`id_detail`, `kode_svc`, `id_mobil`, `km`, `id_serv`, `nama_serv`, `harga_serv`, `tax`) VALUES
(1, 'SVC-381517516', 17, 70521, 1, 'Service Mesin', 1500000, 150000),
(2, 'SVC-381517516', 17, 70521, 2, 'Ganti Oli', 500000, 50000),
(3, 'SVC-381517516', 17, 70521, 7, 'Spooring', 214500, 21450),
(4, 'SVC-381517516', 17, 70521, 8, 'Balancing', 85800, 8580),
(7, 'SVC-092417567', 16, 204884, 9, 'Ganti Oli', 300000, 30000),
(9, 'SVC-432917461', 8, 96286, 10, 'Stel Rem', 25000, 2500),
(10, 'SVC-041217299', 10, 64563, 9, 'Ganti Oli', 300000, 30000),
(11, 'SVC-041217299', 10, 64563, 10, 'Stel Rem', 25000, 2500),
(18, 'SVC-451417063', 8, 109543, 9, 'Ganti Oli', 300000, 30000),
(19, 'SVC-272717551', 1, 71257, 11, 'Service Mesin', 468683, 46868),
(20, 'SVC-272717551', 1, 71257, 12, 'Cover Clutch & Release', 611325, 61133),
(24, 'SVC-172917025', 14, 55136, 9, 'Ganti Oli', 300000, 30000),
(25, 'SVC-172917025', 14, 55136, 6, 'Service Mesin', 350000, 35000),
(26, 'SVC-380817641', 7, 145690, 9, 'Ganti Oli', 300000, 30000),
(27, 'SVC-380817641', 7, 145690, 10, 'Stel Rem', 25000, 2500),
(28, 'SVC-192517872', 11, 535174, 9, 'Ganti Oli', 300000, 30000),
(29, 'SVC-162517138', 11, 535174, 13, 'Spooring', 250000, 25000),
(30, 'SVC-552517156', 8, 113835, 14, 'Tune Up', 200000, 20000),
(32, 'SVC-591817265', 10, 71341, 9, 'Ganti Oli', 300000, 30000),
(33, 'SVC-381917884', 11, 537598, 15, 'Service Dinamo', 250000, 25000),
(34, 'SVC-521917126', 16, 210483, 6, 'Service Mesin', 350000, 35000),
(36, 'SVC-042317296', 17, 80512, 16, 'Service Mesin', 1200000, 120000),
(37, 'SVC-042317296', 17, 80512, 17, 'Ganti Oli', 1000000, 100000),
(38, 'SVC-392517603', 1, 77454, 18, 'Service Mesin 2', 713213, 71321),
(39, 'SVC-351017324', 16, 211815, 9, 'Ganti Oli', 300000, 30000),
(40, 'SVC-481817808', 14, 62707, 9, 'Ganti Oli', 300000, 30000);

-- --------------------------------------------------------

--
-- Table structure for table `direktorat`
--

CREATE TABLE `direktorat` (
  `id_dir` int(11) NOT NULL,
  `kode_dir` int(4) NOT NULL,
  `direktorat` varchar(12) NOT NULL,
  `deskripsi` text NOT NULL
) ENGINE=InnoDB DEFAULT CHARSET=utf8;

--
-- Dumping data for table `direktorat`
--

INSERT INTO `direktorat` (`id_dir`, `kode_dir`, `direktorat`, `deskripsi`) VALUES
(1, 2101, 'DNS', 'DBM & Staff'),
(2, 1111, 'PHM', 'Pharmamed'),
(3, 1152, 'KND', 'Kalbe Nutrition Division'),
(4, 1162, 'CHD', 'Consumer Health Division'),
(5, 1211, 'CHB', 'Consumer Health & Beauty'),
(6, 2352, 'TRP', 'Transportation');

-- --------------------------------------------------------

--
-- Table structure for table `ganti_sparepart`
--

CREATE TABLE `ganti_sparepart` (
  `id_spr` int(11) NOT NULL,
  `kode_spr` varchar(13) NOT NULL,
  `id_mobil` int(11) NOT NULL,
  `id_bkl` int(11) NOT NULL,
  `req_date` datetime NOT NULL DEFAULT CURRENT_TIMESTAMP,
  `app1_date` datetime NOT NULL,
  `app2_date` datetime NOT NULL,
  `closed_date` datetime NOT NULL,
  `status` enum('REQUESTED','APPROVED_1','APPROVED_2','CLOSED') NOT NULL DEFAULT 'REQUESTED',
  `cost_est` bigint(30) NOT NULL,
  `cost_real` bigint(30) NOT NULL,
  `kodeuser` varchar(10) NOT NULL,
  `tax` bigint(30) NOT NULL
) ENGINE=InnoDB DEFAULT CHARSET=utf8;

--
-- Dumping data for table `ganti_sparepart`
--

INSERT INTO `ganti_sparepart` (`id_spr`, `kode_spr`, `id_mobil`, `id_bkl`, `req_date`, `app1_date`, `app2_date`, `closed_date`, `status`, `cost_est`, `cost_real`, `kodeuser`, `tax`) VALUES
(1, 'SPR-551317383', 17, 4, '2017-06-13 14:43:07', '2017-06-13 14:50:35', '2017-06-13 14:50:38', '0000-00-00 00:00:00', 'APPROVED_2', 900000, 950000, 'US-3523179', 90000),
(3, 'SPR-362917520', 8, 3, '2017-06-29 09:36:49', '2017-06-29 11:15:44', '2017-07-04 10:15:45', '0000-00-00 00:00:00', 'APPROVED_2', 320000, 0, 'US-1623171', 32000),
(4, 'SPR-350417754', 11, 3, '2017-07-04 09:56:56', '2017-07-04 10:15:31', '2017-07-04 10:15:52', '0000-00-00 00:00:00', 'APPROVED_2', 310000, 0, 'US-1623171', 31000),
(5, 'SPR-581217155', 10, 3, '2017-07-12 13:57:50', '2017-07-14 11:45:45', '2017-07-15 08:51:06', '0000-00-00 00:00:00', 'APPROVED_2', 100000, 0, 'US-2123179', 10000),
(7, 'SPR-411417403', 8, 3, '2017-07-14 10:43:55', '2017-07-14 11:46:18', '2017-07-15 08:51:14', '0000-00-00 00:00:00', 'APPROVED_2', 5480000, 0, 'US-1623171', 548000),
(9, 'SPR-092217666', 10, 3, '2017-07-21 15:43:16', '2017-07-22 05:46:00', '2017-07-22 05:47:40', '0000-00-00 00:00:00', 'APPROVED_2', 215000, 0, 'US-2123179', 21500),
(10, 'SPR-272217090', 16, 3, '2017-07-22 13:00:34', '2017-07-28 13:34:27', '2017-07-29 09:22:59', '0000-00-00 00:00:00', 'APPROVED_2', 750000, 0, 'US-1623171', 75000),
(21, 'SPR-012617877', 10, 3, '2017-07-26 09:02:10', '2017-07-28 13:35:39', '2017-07-29 08:50:45', '0000-00-00 00:00:00', 'APPROVED_2', 325000, 0, 'US-2123179', 32500),
(22, 'SPR-502717524', 7, 3, '2017-07-27 09:31:58', '2017-07-28 13:36:05', '2017-07-29 09:11:17', '0000-00-00 00:00:00', 'APPROVED_2', 75000, 0, 'US-1623171', 7500),
(23, 'SPR-012717104', 1, 5, '2017-07-27 11:37:08', '2017-07-28 13:36:25', '2017-07-29 09:11:05', '2017-10-23 14:17:02', 'CLOSED', 2160510, 2160510, 'US-0823177', 216052),
(24, 'SPR-022817603', 16, 3, '2017-07-28 13:43:10', '2017-07-29 08:38:25', '2017-07-29 08:51:22', '0000-00-00 00:00:00', 'APPROVED_2', 100000, 0, 'US-1623171', 10000),
(25, 'SPR-272917168', 14, 3, '2017-07-29 09:17:43', '2017-07-29 09:24:29', '2017-07-29 09:33:43', '0000-00-00 00:00:00', 'APPROVED_2', 175000, 0, 'US-3523179', 17500),
(26, 'SPR-410817331', 7, 3, '2017-08-08 10:18:45', '2017-08-08 12:02:53', '2017-08-08 12:12:12', '0000-00-00 00:00:00', 'APPROVED_2', 50000, 0, 'US-1623171', 5000),
(28, 'SPR-352517341', 11, 3, '2017-08-25 11:04:43', '2017-08-30 09:55:27', '2017-08-30 10:12:03', '0000-00-00 00:00:00', 'APPROVED_2', 1155000, 0, 'US-1623171', 115500),
(29, 'SPR-392517473', 11, 4, '2017-08-25 11:06:45', '2017-08-30 09:55:41', '2017-08-30 10:11:31', '2017-10-20 13:17:55', 'CLOSED', 1150000, 1150000, 'US-1623171', 115000),
(30, 'SPR-200417749', 14, 4, '2017-09-04 09:09:43', '2017-09-04 09:19:38', '2017-09-04 09:29:00', '2017-10-20 13:17:17', 'CLOSED', 1700000, 1950000, 'US-3523179', 170000),
(31, 'SPR-160517433', 11, 3, '2017-09-05 09:53:24', '2017-09-05 09:54:52', '2017-09-08 15:45:32', '0000-00-00 00:00:00', 'APPROVED_2', 1400000, 0, 'US-1623171', 140000),
(34, 'SPR-252317758', 1, 4, '2017-09-23 10:27:37', '2017-09-23 10:29:29', '2017-09-23 10:29:41', '2017-10-20 17:09:47', 'CLOSED', 575000, 700000, 'US-3427170', 57500),
(35, 'SPR-522517317', 8, 3, '2017-09-25 10:15:00', '2017-09-25 10:26:11', '2017-09-25 10:31:36', '0000-00-00 00:00:00', 'APPROVED_2', 300000, 0, 'US-1623171', 30000),
(36, 'SPR-162617401', 8, 3, '2017-09-26 08:26:23', '2017-09-30 10:35:22', '2017-09-30 10:49:42', '0000-00-00 00:00:00', 'APPROVED_2', 175000, 0, 'US-1623171', 17500),
(38, 'SPR-092617463', 10, 3, '2017-09-26 15:16:26', '2017-09-30 10:35:00', '2017-09-30 10:49:20', '0000-00-00 00:00:00', 'APPROVED_2', 200000, 0, 'US-2123179', 20000),
(41, 'SPR-311817991', 10, 4, '2017-10-18 09:19:50', '2017-10-19 13:35:55', '2017-10-20 17:07:18', '2017-12-08 13:25:47', 'CLOSED', 1700000, 1950000, 'US-2123179', 170000),
(43, 'SPR-122017536', 16, 3, '2017-10-20 11:24:20', '2017-10-20 14:22:14', '2017-10-20 17:07:36', '0000-00-00 00:00:00', 'APPROVED_2', 1285000, 0, 'US-1623171', 128500),
(44, 'SPR-552317418', 6, 4, '2017-10-23 11:18:03', '2017-10-26 14:21:08', '2017-10-26 14:40:39', '2017-12-08 13:24:33', 'CLOSED', 850000, 1250000, 'US-1623171', 85000),
(45, 'SPR-332417284', 6, 3, '2017-10-24 11:21:41', '2017-10-26 14:21:34', '2017-10-26 14:40:13', '0000-00-00 00:00:00', 'APPROVED_2', 75000, 0, 'US-1623171', 7500),
(46, 'SPR-072517896', 1, 5, '2017-10-25 16:26:14', '2017-10-26 14:20:59', '2017-10-26 14:37:26', '2017-10-26 14:38:44', 'CLOSED', 1129145, 1129145, 'US-0823177', 112914),
(47, 'SPR-270517813', 16, 3, '2017-12-05 13:43:36', '2017-12-05 13:45:07', '2017-12-05 14:52:11', '2017-12-08 13:16:32', 'CLOSED', 700000, 800000, 'US-1623171', 70000);

-- --------------------------------------------------------

--
-- Table structure for table `kat_service`
--

CREATE TABLE `kat_service` (
  `id_serv` int(11) NOT NULL,
  `id_bkl` int(11) NOT NULL,
  `nama_serv` varchar(30) NOT NULL,
  `harga_serv` bigint(30) NOT NULL
) ENGINE=InnoDB DEFAULT CHARSET=utf8;

--
-- Dumping data for table `kat_service`
--

INSERT INTO `kat_service` (`id_serv`, `id_bkl`, `nama_serv`, `harga_serv`) VALUES
(6, 3, 'Service Mesin', 350000),
(9, 3, 'Ganti Oli', 300000),
(10, 3, 'Stel Rem', 25000),
(11, 5, 'Service Mesin', 468683),
(12, 5, 'Cover Clutch & Release', 611325),
(13, 4, 'Spooring', 250000),
(14, 3, 'Tune Up', 200000),
(15, 3, 'Service Dinamo', 250000),
(16, 7, 'Service Mesin', 731981),
(17, 7, 'Salon Mesin', 201093),
(18, 5, 'Service Mesin 2', 713213);

-- --------------------------------------------------------

--
-- Table structure for table `kilometer`
--

CREATE TABLE `kilometer` (
  `id_km` int(11) NOT NULL,
  `id_mobil` int(11) NOT NULL,
  `id_peg` int(11) NOT NULL,
  `km_brkt` float NOT NULL,
  `jam_brkt` datetime NOT NULL,
  `km_plg` float NOT NULL,
  `jam_plg` datetime NOT NULL,
  `jarak_tempuh` float NOT NULL,
  `solar_1` float NOT NULL,
  `km_solar1` float NOT NULL,
  `harga_solar1` bigint(20) NOT NULL,
  `rasio_solar1` float NOT NULL,
  `solar_2` float NOT NULL,
  `km_solar2` float NOT NULL,
  `harga_solar2` bigint(20) NOT NULL,
  `rasio_solar2` float NOT NULL,
  `solar_3` float NOT NULL,
  `km_solar3` float NOT NULL,
  `harga_solar3` bigint(20) NOT NULL,
  `rasio_solar3` float NOT NULL
) ENGINE=InnoDB DEFAULT CHARSET=utf8;

--
-- Dumping data for table `kilometer`
--

INSERT INTO `kilometer` (`id_km`, `id_mobil`, `id_peg`, `km_brkt`, `jam_brkt`, `km_plg`, `jam_plg`, `jarak_tempuh`, `solar_1`, `km_solar1`, `harga_solar1`, `rasio_solar1`, `solar_2`, `km_solar2`, `harga_solar2`, `rasio_solar2`, `solar_3`, `km_solar3`, `harga_solar3`, `rasio_solar3`) VALUES
(146, 14, 18, 51979, '2017-06-12 08:50:51', 52469, '2017-06-16 17:46:49', 490, 0, 0, 0, 0, 0, 0, 0, 0, 0, 0, 0, 0),
(147, 16, 13, 204060, '2017-06-12 10:59:31', 204124, '2017-06-12 15:01:59', 64, 0, 0, 0, 0, 0, 0, 0, 0, 0, 0, 0, 0),
(148, 7, 10, 141434, '2017-06-12 11:41:16', 141554, '2017-06-12 20:25:49', 120, 19.41, 141550, 100000, 7.93405, 0, 0, 0, 0, 0, 0, 0, 0),
(152, 11, 20, 528581, '2017-06-12 15:55:02', 528617, '2017-06-12 18:52:43', 36, 9.7, 528586, 50000, 27.4227, 0, 0, 0, 0, 0, 0, 0, 0),
(153, 16, 13, 204124, '2017-06-12 19:22:10', 204245, '2017-06-13 07:36:08', 121, 13.33, 204126, 69000, 34.5836, 0, 0, 0, 0, 0, 0, 0, 0),
(154, 7, 10, 141554, '2017-06-13 07:09:14', 141708, '2017-06-13 21:42:38', 154, 29.12, 141704, 150000, 1.51099, 0, 0, 0, 0, 0, 0, 0, 0),
(155, 11, 11, 528617, '2017-06-13 10:04:45', 528648, '2017-06-13 13:18:05', 31, 0, 0, 0, 0, 0, 0, 0, 0, 0, 0, 0, 0),
(156, 8, 20, 108313, '2017-06-13 10:16:36', 108371, '2017-06-13 15:31:44', 58, 0, 0, 0, 0, 0, 0, 0, 0, 0, 0, 0, 0),
(159, 11, 11, 528648, '2017-06-13 14:50:10', 528679, '2017-06-13 17:01:20', 31, 0, 0, 0, 0, 0, 0, 0, 0, 0, 0, 0, 0),
(160, 8, 20, 108371, '2017-06-14 05:32:55', 108437, '2017-06-14 18:05:20', 66, 19.4, 108382, 100000, 4.17526, 0, 0, 0, 0, 0, 0, 0, 0),
(162, 11, 11, 528679, '2017-06-14 10:06:32', 528703, '2017-06-14 13:16:22', 24, 0, 0, 0, 0, 0, 0, 0, 0, 0, 0, 0, 0),
(163, 7, 10, 141708, '2017-06-14 10:42:54', 141763, '2017-06-14 18:15:15', 55, 9.7, 141748, 50000, 15.8763, 0, 0, 0, 0, 0, 0, 0, 0),
(165, 16, 13, 204261, '2017-06-14 10:56:34', 204320, '2017-06-14 15:13:33', 59, 0, 0, 0, 0, 0, 0, 0, 0, 0, 0, 0, 0),
(166, 11, 11, 528704, '2017-06-14 14:40:08', 528737, '2017-06-14 18:05:45', 33, 0, 0, 0, 0, 0, 0, 0, 0, 0, 0, 0, 0),
(167, 8, 20, 108437, '2017-06-15 04:35:28', 108686, '2017-06-15 17:26:23', 249, 19.41, 108463, 100000, 11.2828, 19.41, 108682, 100000, 7.47038, 0, 0, 0, 0),
(168, 7, 10, 141763, '2017-06-15 07:23:21', 141906, '2017-06-15 18:54:31', 143, 29.12, 141902, 150000, 3.57142, 0, 0, 0, 0, 0, 0, 0, 0),
(169, 16, 13, 204320, '2017-06-15 09:13:59', 204502, '2017-06-15 19:45:57', 182, 0, 0, 0, 0, 0, 0, 0, 0, 0, 0, 0, 0),
(171, 11, 11, 528738, '2017-06-15 11:07:40', 528761, '2017-06-15 15:28:10', 23, 0, 0, 0, 0, 0, 0, 0, 0, 0, 0, 0, 0),
(172, 11, 11, 528761, '2017-06-15 16:28:38', 528853, '2017-06-15 23:19:02', 92, 29.12, 528852, 150000, 7.38324, 0, 0, 0, 0, 0, 0, 0, 0),
(173, 7, 10, 141906, '2017-06-16 07:10:45', 142010, '2017-06-16 20:54:26', 104, 29.12, 142006, 150000, 3.4684, 0, 0, 0, 0, 0, 0, 0, 0),
(175, 8, 20, 108686, '2017-06-16 08:07:54', 108823, '2017-06-16 18:41:59', 137, 0, 0, 0, 0, 0, 0, 0, 0, 0, 0, 0, 0),
(176, 6, 11, 43408, '2017-06-16 09:01:29', 43437, '2017-06-16 16:00:54', 29, 0, 0, 0, 0, 0, 0, 0, 0, 0, 0, 0, 0),
(177, 12, 15, 18033, '2017-06-16 09:06:12', 18059, '2017-06-16 10:55:44', 26, 0, 0, 0, 0, 0, 0, 0, 0, 0, 0, 0, 0),
(178, 12, 15, 18059, '2017-06-16 13:04:59', 18076, '2017-06-16 14:25:21', 17, 0, 0, 0, 0, 0, 0, 0, 0, 0, 0, 0, 0),
(179, 11, 11, 528853, '2017-06-16 16:31:02', 528877, '2017-06-16 19:12:06', 24, 0, 0, 0, 0, 0, 0, 0, 0, 0, 0, 0, 0),
(180, 6, 11, 43437, '2017-06-17 06:59:31', 43512, '2017-06-17 14:28:30', 75, 19.42, 43477, 100000, 4.37693, 0, 0, 0, 0, 0, 0, 0, 0),
(181, 7, 10, 142010, '2017-06-17 07:26:32', 142112, '2017-06-17 16:46:54', 102, 38.83, 142107, 200000, 2.85861, 0, 0, 0, 0, 0, 0, 0, 0),
(182, 8, 20, 108823, '2017-06-17 07:55:49', 108871, '2017-06-19 12:06:25', 48, 19.41, 108827, 100000, 3.70943, 0, 0, 0, 0, 0, 0, 0, 0),
(183, 16, 13, 204502, '2017-06-17 10:26:38', 204535, '2017-06-17 13:29:47', 33, 0, 0, 0, 0, 0, 0, 0, 0, 0, 0, 0, 0),
(185, 11, 11, 528877, '2017-06-17 15:18:12', 528907, '2017-06-17 18:44:01', 30, 0, 0, 0, 0, 0, 0, 0, 0, 0, 0, 0, 0),
(186, 14, 18, 52469, '2017-06-19 09:53:44', 52915, '2017-06-23 15:39:32', 446, 48.543, 52802, 250000, 2.32783, 19.41, 52915, 100000, 17.1561, 0, 0, 0, 0),
(188, 11, 11, 528907, '2017-06-19 11:00:18', 528942, '2017-06-19 15:44:04', 35, 0, 0, 0, 0, 0, 0, 0, 0, 0, 0, 0, 0),
(189, 7, 10, 142113, '2017-06-19 11:12:26', 142214, '2017-06-19 20:09:42', 101, 0, 0, 0, 0, 0, 0, 0, 0, 0, 0, 0, 0),
(191, 8, 20, 108871, '2017-06-19 11:52:44', 108972, '2017-06-19 18:47:46', 101, 19.41, 108899, 100000, 6.43998, 0, 0, 0, 0, 0, 0, 0, 0),
(192, 12, 15, 18076, '2017-06-19 14:18:45', 18087, '2017-06-19 15:14:13', 11, 0, 0, 0, 0, 0, 0, 0, 0, 0, 0, 0, 0),
(193, 11, 11, 528942, '2017-06-19 16:49:06', 528979, '2017-06-19 19:25:59', 37, 0, 0, 0, 0, 0, 0, 0, 0, 0, 0, 0, 0),
(194, 6, 11, 43512, '2017-06-20 03:35:03', 43577, '2017-06-20 13:12:03', 65, 22.13, 43562, 114000, 7.68188, 0, 0, 0, 0, 0, 0, 0, 0),
(195, 12, 15, 18088, '2017-06-20 08:42:30', 18106, '2017-06-20 10:07:58', 18, 0, 0, 0, 0, 0, 0, 0, 0, 0, 0, 0, 0),
(196, 7, 10, 142214, '2017-06-20 09:43:59', 142337, '2017-06-20 19:49:11', 123, 19.41, 142218, 100000, 14.6316, 0, 0, 0, 0, 0, 0, 0, 0),
(198, 8, 20, 108972, '2017-06-20 11:35:09', 108977, '2017-06-20 19:48:28', 5, 0, 0, 0, 0, 0, 0, 0, 0, 0, 0, 0, 0),
(199, 12, 15, 18106, '2017-06-20 11:53:14', 18120, '2017-06-20 12:39:14', 14, 0, 0, 0, 0, 0, 0, 0, 0, 0, 0, 0, 0),
(201, 16, 13, 204535, '2017-06-20 14:20:33', 204575, '2017-06-20 14:26:30', 40, 0, 0, 0, 0, 0, 0, 0, 0, 0, 0, 0, 0),
(202, 11, 11, 528979, '2017-06-20 16:17:15', 529002, '2017-06-20 19:24:55', 23, 0, 0, 0, 0, 0, 0, 0, 0, 0, 0, 0, 0),
(203, 6, 11, 43577, '2017-06-21 02:39:18', 43641, '2017-06-21 10:33:45', 64, 0, 0, 0, 0, 0, 0, 0, 0, 0, 0, 0, 0),
(204, 12, 15, 18120, '2017-06-21 08:41:53', 18148, '2017-06-21 10:22:12', 28, 0, 0, 0, 0, 0, 0, 0, 0, 0, 0, 0, 0),
(205, 7, 10, 142337, '2017-06-21 08:43:54', 142507, '2017-06-21 19:43:26', 170, 29.12, 142502, 150000, 4.84203, 0, 0, 0, 0, 0, 0, 0, 0),
(207, 8, 20, 108977, '2017-06-21 11:02:35', 109055, '2017-06-21 19:31:09', 78, 19.41, 109024, 100000, 7.36734, 0, 0, 0, 0, 0, 0, 0, 0),
(208, 11, 11, 529002, '2017-06-21 15:24:28', 529069, '2017-06-21 20:55:43', 67, 29.12, 529067, 150000, 6.38736, 0, 0, 0, 0, 0, 0, 0, 0),
(209, 11, 9, 529069, '2017-06-21 21:17:25', 529084, '2017-06-21 23:53:21', 15, 0, 0, 0, 0, 0, 0, 0, 0, 0, 0, 0, 0),
(212, 7, 10, 142507, '2017-06-22 08:17:25', 142650, '2017-06-22 18:32:56', 143, 38.83, 142643, 200000, 2.62683, 0, 0, 0, 0, 0, 0, 0, 0),
(213, 6, 11, 43641, '2017-06-22 08:18:15', 43671, '2017-06-22 10:25:06', 30, 0, 0, 0, 0, 0, 0, 0, 0, 0, 0, 0, 0),
(215, 8, 20, 109055, '2017-06-22 10:10:11', 109166, '2017-06-22 17:58:45', 111, 0, 0, 0, 0, 0, 0, 0, 0, 0, 0, 0, 0),
(217, 12, 15, 18148, '2017-06-22 14:11:19', 18170, '2017-06-22 17:39:52', 22, 0, 0, 0, 0, 0, 0, 0, 0, 0, 0, 0, 0),
(218, 11, 11, 529084, '2017-06-22 14:32:31', 529116, '2017-06-22 17:52:43', 32, 0, 0, 0, 0, 0, 0, 0, 0, 0, 0, 0, 0),
(220, 7, 10, 142650, '2017-06-23 08:01:50', 142799, '2017-06-23 18:45:24', 149, 33.02, 142745, 170000, 7.05633, 0, 0, 0, 0, 0, 0, 0, 0),
(221, 8, 20, 109166, '2017-06-23 08:03:46', 109204, '2017-06-23 15:42:17', 38, 19.41, 109167, 100000, 6.18238, 0, 0, 0, 0, 0, 0, 0, 0),
(223, 16, 13, 204575, '2017-06-23 11:12:33', 204802, '2017-06-23 11:15:29', 227, 13.33, 204587, 69000, 57.0143, 0, 0, 0, 0, 0, 0, 0, 0),
(224, 11, 11, 529116, '2017-06-23 12:20:00', 529146, '2017-06-23 15:10:46', 30, 0, 0, 0, 0, 0, 0, 0, 0, 0, 0, 0, 0),
(225, 11, 9, 529146, '2017-06-23 17:53:05', 529166, '2017-06-23 20:58:26', 20, 0, 0, 0, 0, 0, 0, 0, 0, 0, 0, 0, 0),
(226, 8, 20, 109204, '2017-06-24 09:19:34', 109245, '2017-06-24 13:40:08', 41, 0, 0, 0, 0, 0, 0, 0, 0, 0, 0, 0, 0),
(227, 16, 11, 204884, '2017-06-24 09:49:04', 204909, '2017-06-24 11:07:01', 25, 0, 0, 0, 0, 0, 0, 0, 0, 0, 0, 0, 0),
(229, 11, 11, 529166, '2017-06-24 12:18:23', 529205, '2017-06-24 14:56:51', 39, 0, 0, 0, 0, 0, 0, 0, 0, 0, 0, 0, 0),
(230, 16, 13, 204919, '2017-06-24 13:34:23', 205221, '2017-06-28 07:32:40', 302, 0, 0, 0, 0, 0, 0, 0, 0, 0, 0, 0, 0),
(234, 11, 11, 529205, '2017-06-28 13:25:28', 529224, '2017-06-28 14:55:50', 19, 0, 0, 0, 0, 0, 0, 0, 0, 0, 0, 0, 0),
(235, 16, 11, 205228, '2017-06-28 15:29:30', 205245, '2017-06-28 16:53:33', 17, 0, 0, 0, 0, 0, 0, 0, 0, 0, 0, 0, 0),
(238, 8, 20, 109245, '2017-06-29 10:18:11', 109315, '2017-06-29 15:18:26', 70, 19.41, 109287, 100000, 5.82174, 0, 0, 0, 0, 0, 0, 0, 0),
(240, 14, 18, 52919, '2017-06-29 11:19:47', 53259, '2017-06-30 20:48:27', 340, 48.54, 53248, 250000, 5.70663, 0, 0, 0, 0, 0, 0, 0, 0),
(241, 11, 11, 529224, '2017-06-29 14:34:44', 529257, '2017-06-29 16:48:13', 33, 29.13, 529253, 150000, 1.61346, 0, 0, 0, 0, 0, 0, 0, 0),
(242, 12, 15, 18171, '2017-06-29 15:41:27', 18193, '2017-06-29 16:47:49', 22, 0, 0, 0, 0, 0, 0, 0, 0, 0, 0, 0, 0),
(243, 8, 20, 109315, '2017-06-30 07:23:26', 109409, '2017-06-30 18:40:27', 94, 19.41, 109400, 100000, 4.07007, 0, 0, 0, 0, 0, 0, 0, 0),
(244, 7, 9, 142800, '2017-06-30 07:24:49', 142901, '2017-06-30 15:29:19', 101, 0, 0, 0, 0, 0, 0, 0, 0, 0, 0, 0, 0),
(246, 16, 13, 205245, '2017-06-30 14:37:11', 205255, '2017-06-30 15:21:14', 10, 0, 0, 0, 0, 0, 0, 0, 0, 0, 0, 0, 0),
(247, 12, 15, 18193, '2017-06-30 16:11:18', 18221, '2017-06-30 16:24:13', 28, 0, 0, 0, 0, 0, 0, 0, 0, 0, 0, 0, 0),
(248, 16, 13, 205255, '2017-06-30 17:50:21', 205286, '2017-06-30 19:57:36', 31, 0, 0, 0, 0, 0, 0, 0, 0, 0, 0, 0, 0),
(249, 8, 20, 109409, '2017-07-01 06:50:44', 109483, '2017-07-01 13:02:51', 74, 19.41, 109479, 100000, 1.75167, 0, 0, 0, 0, 0, 0, 0, 0),
(250, 7, 10, 142901, '2017-07-01 08:15:27', 143030, '2017-07-01 15:43:18', 129, 19.41, 142978, 100000, 6.59454, 0, 0, 0, 0, 0, 0, 0, 0),
(252, 16, 13, 205286, '2017-07-01 13:40:37', 205323, '2017-07-01 15:53:51', 37, 0, 0, 0, 0, 0, 0, 0, 0, 0, 0, 0, 0),
(253, 6, 10, 43671, '2017-07-03 09:17:23', 43791, '2017-07-03 18:18:07', 120, 38.83, 43732, 200000, 3.1419, 0, 0, 0, 0, 0, 0, 0, 0),
(256, 8, 20, 109483, '2017-07-03 10:14:06', 109543, '2017-07-03 17:19:59', 60, 19.41, 109513, 100000, 9.22205, 0, 0, 0, 0, 0, 0, 0, 0),
(257, 16, 13, 205323, '2017-07-03 13:21:57', 205354, '2017-07-03 16:45:35', 31, 10.69, 205347, 55000, 15.435, 0, 0, 0, 0, 0, 0, 0, 0),
(258, 14, 18, 53259, '2017-07-03 13:47:37', 53608, '2017-07-06 18:29:05', 349, 38.834, 53525, 200000, 4.14585, 0, 0, 0, 0, 0, 0, 0, 0),
(260, 7, 9, 143030, '2017-07-04 06:36:28', 143110, '2017-07-04 17:59:05', 80, 25.24, 143106, 130000, 6.29952, 0, 0, 0, 0, 0, 0, 0, 0),
(263, 11, 11, 529257, '2017-07-04 10:26:23', 529272, '2017-07-04 14:47:55', 15, 0, 0, 0, 0, 0, 0, 0, 0, 0, 0, 0, 0),
(264, 16, 13, 205354, '2017-07-04 10:26:54', 205371, '2017-07-04 11:46:43', 17, 0, 0, 0, 0, 0, 0, 0, 0, 0, 0, 0, 0),
(265, 16, 11, 205371, '2017-07-04 14:00:02', 205389, '2017-07-04 16:01:10', 18, 0, 0, 0, 0, 0, 0, 0, 0, 0, 0, 0, 0),
(266, 16, 11, 205389, '2017-07-04 16:16:31', 205418, '2017-07-04 18:17:07', 29, 0, 0, 0, 0, 0, 0, 0, 0, 0, 0, 0, 0),
(268, 7, 9, 143110, '2017-07-05 07:01:22', 143269, '2017-07-05 19:00:32', 159, 29.12, 143265, 150000, 3.02198, 0, 0, 0, 0, 0, 0, 0, 0),
(269, 12, 15, 18221, '2017-07-05 08:25:05', 18234, '2017-07-05 09:05:52', 13, 0, 0, 0, 0, 0, 0, 0, 0, 0, 0, 0, 0),
(270, 11, 11, 529272, '2017-07-05 09:30:46', 529303, '2017-07-05 15:10:30', 31, 19.41, 529300, 100000, 3.19423, 0, 0, 0, 0, 0, 0, 0, 0),
(271, 12, 15, 18234, '2017-07-05 13:19:10', 18235, '2017-07-05 13:48:42', 1, 0, 0, 0, 0, 0, 0, 0, 0, 0, 0, 0, 0),
(272, 16, 13, 205418, '2017-07-05 14:40:29', 205455, '2017-07-05 17:49:41', 37, 0, 0, 0, 0, 0, 0, 0, 0, 0, 0, 0, 0),
(273, 11, 20, 529303, '2017-07-06 06:09:07', 529552, '2017-07-06 17:42:00', 249, 29.12, 529362, 150000, 6.38736, 9.7, 529548, 50000, 19.6907, 0, 0, 0, 0),
(274, 7, 9, 143270, '2017-07-06 07:33:07', 143423, '2017-07-06 19:39:17', 153, 33.02, 143353, 170000, 5.42096, 0, 0, 0, 0, 0, 0, 0, 0),
(275, 10, 10, 64170, '2017-07-06 09:28:35', 64205, '2017-07-06 16:12:54', 35, 29.12, 64174, 150000, 4.77335, 0, 0, 0, 0, 0, 0, 0, 0),
(276, 12, 15, 18235, '2017-07-06 09:29:20', 18255, '2017-07-06 12:14:51', 20, 7.6, 18240, 40000, 46.8421, 0, 0, 0, 0, 0, 0, 0, 0),
(277, 16, 11, 205455, '2017-07-06 14:05:04', 205482, '2017-07-06 17:44:34', 27, 0, 0, 0, 0, 0, 0, 0, 0, 0, 0, 0, 0),
(278, 12, 15, 18255, '2017-07-06 16:13:44', 18278, '2017-07-06 16:50:02', 23, 0, 0, 0, 0, 0, 0, 0, 0, 0, 0, 0, 0),
(279, 11, 20, 529552, '2017-07-07 06:56:10', 529759, '2017-07-07 20:04:21', 207, 29.12, 529739, 200000, 2.91896, 0, 0, 0, 0, 0, 0, 0, 0),
(280, 7, 9, 143423, '2017-07-07 07:31:03', 143545, '2017-07-07 17:58:19', 122, 29.12, 143532, 200000, 3.26236, 0, 0, 0, 0, 0, 0, 0, 0),
(281, 10, 10, 64205, '2017-07-07 08:17:06', 64258, '2017-07-07 16:29:26', 53, 0, 0, 0, 0, 0, 0, 0, 0, 0, 0, 0, 0),
(282, 12, 15, 18278, '2017-07-07 08:35:29', 18300, '2017-07-07 09:35:09', 22, 0, 0, 0, 0, 0, 0, 0, 0, 0, 0, 0, 0),
(283, 14, 18, 53608, '2017-07-07 09:06:58', 53717, '2017-07-07 16:52:48', 109, 29.126, 53686, 150000, 12.6004, 0, 0, 0, 0, 0, 0, 0, 0),
(284, 16, 11, 205483, '2017-07-07 14:59:56', 205514, '2017-07-07 18:04:10', 31, 22.9, 205512, 118000, 8.55895, 0, 0, 0, 0, 0, 0, 0, 0),
(285, 12, 15, 18300, '2017-07-07 16:02:50', 18329, '2017-07-07 17:36:18', 29, 0, 0, 0, 0, 0, 0, 0, 0, 0, 0, 0, 0),
(286, 6, 9, 43792, '2017-07-08 06:44:22', 43887, '2017-07-08 15:56:27', 95, 37, 43854, 190000, 1.67568, 0, 0, 0, 0, 0, 0, 0, 0),
(287, 10, 10, 64258, '2017-07-08 08:08:11', 64318, '2017-07-08 14:20:13', 60, 29.12, 64313, 150000, 10.2679, 0, 0, 0, 0, 0, 0, 0, 0),
(288, 11, 20, 529759, '2017-07-08 09:39:54', 529875, '2017-07-10 16:28:25', 116, 19.41, 529824, 100000, 4.84286, 0, 0, 0, 0, 0, 0, 0, 0),
(289, 16, 13, 205515, '2017-07-08 12:19:07', 205531, '2017-07-08 13:26:30', 16, 0, 0, 0, 0, 0, 0, 0, 0, 0, 0, 0, 0),
(290, 7, 11, 143545, '2017-07-10 16:29:25', 143613, '2017-07-10 16:29:39', 68, 0, 0, 0, 0, 0, 0, 0, 0, 0, 0, 0, 0),
(291, 7, 10, 143613, '2017-07-10 16:31:09', 143631, '2017-07-10 16:31:22', 18, 9.7, 143627, 50000, 6.18557, 0, 0, 0, 0, 0, 0, 0, 0),
(292, 16, 9, 205531, '2017-07-10 16:32:21', 205582, '2017-07-10 16:32:35', 51, 0, 0, 0, 0, 0, 0, 0, 0, 0, 0, 0, 0),
(293, 12, 15, 18329, '2017-07-10 16:33:18', 18342, '2017-07-10 16:33:33', 13, 0, 0, 0, 0, 0, 0, 0, 0, 0, 0, 0, 0),
(294, 10, 16, 64318, '2017-07-10 16:34:51', 64890, '2017-07-14 15:55:26', 572, 54.25, 64612, 280000, 2.34101, 38.84, 64739, 200000, 10.4789, 0, 0, 0, 0),
(295, 11, 9, 529875, '2017-07-10 16:44:33', 529890, '2017-07-10 19:02:27', 15, 0, 0, 0, 0, 0, 0, 0, 0, 0, 0, 0, 0),
(296, 7, 10, 143631, '2017-07-11 08:03:04', 143736, '2017-07-11 19:10:34', 105, 29.13, 143687, 150000, 2.8493, 0, 0, 0, 0, 0, 0, 0, 0),
(297, 6, 11, 43887, '2017-07-11 08:44:40', 43897, '2017-07-11 10:42:45', 10, 0, 0, 0, 0, 0, 0, 0, 0, 0, 0, 0, 0),
(299, 11, 20, 529890, '2017-07-11 09:11:33', 529948, '2017-07-11 13:43:54', 58, 9.7, 529918, 50000, 6.59794, 0, 0, 0, 0, 0, 0, 0, 0),
(300, 14, 18, 53718, '2017-07-11 09:25:12', 54155, '2017-07-14 19:02:05', 437, 48.54, 54053, 250000, 1.91595, 13.592, 54146, 70000, 61.4332, 0, 0, 0, 0),
(301, 16, 11, 205582, '2017-07-11 13:47:38', 205614, '2017-07-11 17:47:07', 32, 0, 0, 0, 0, 0, 0, 0, 0, 0, 0, 0, 0),
(302, 12, 15, 18343, '2017-07-11 15:18:22', 18362, '2017-07-11 16:25:17', 19, 0, 0, 0, 0, 0, 0, 0, 0, 0, 0, 0, 0),
(303, 6, 9, 43897, '2017-07-12 07:06:02', 43979, '2017-07-12 15:14:31', 82, 29.12, 43916, 150000, 3.33104, 0, 0, 0, 0, 0, 0, 0, 0),
(304, 11, 20, 529948, '2017-07-12 08:59:48', 530073, '2017-07-12 19:25:13', 125, 23.3, 529982, 120000, 4.72103, 0, 0, 0, 0, 0, 0, 0, 0),
(305, 7, 10, 143737, '2017-07-12 09:58:03', 143776, '2017-07-12 17:25:06', 39, 29.12, 143770, 150000, 1.95742, 0, 0, 0, 0, 0, 0, 0, 0),
(306, 16, 13, 205614, '2017-07-12 11:56:47', 205630, '2017-07-12 13:37:17', 16, 0, 0, 0, 0, 0, 0, 0, 0, 0, 0, 0, 0),
(307, 12, 15, 18362, '2017-07-12 14:39:11', 18363, '2017-07-12 15:05:20', 1, 0, 0, 0, 0, 0, 0, 0, 0, 0, 0, 0, 0),
(308, 16, 13, 205630, '2017-07-12 15:04:47', 205673, '2017-07-12 18:05:26', 43, 0, 0, 0, 0, 0, 0, 0, 0, 0, 0, 0, 0),
(309, 7, 10, 143776, '2017-07-13 07:33:12', 143923, '2017-07-13 19:57:58', 147, 38.84, 143827, 200000, 4.68589, 0, 0, 0, 0, 0, 0, 0, 0),
(311, 12, 11, 18363, '2017-07-13 09:50:02', 18383, '2017-07-13 09:50:23', 20, 0, 0, 0, 0, 0, 0, 0, 0, 0, 0, 0, 0),
(312, 16, 20, 205673, '2017-07-13 09:55:24', 205908, '2017-07-13 20:48:57', 235, 38.16, 205708, 200000, 8.70021, 0, 0, 0, 0, 0, 0, 0, 0),
(313, 11, 11, 530073, '2017-07-13 10:34:26', 530096, '2017-07-13 17:07:53', 23, 13.59, 530092, 70000, 2.72259, 0, 0, 0, 0, 0, 0, 0, 0),
(314, 12, 15, 18383, '2017-07-13 10:37:22', 18399, '2017-07-13 11:46:35', 16, 0, 0, 0, 0, 0, 0, 0, 0, 0, 0, 0, 0),
(315, 12, 15, 18399, '2017-07-13 14:26:17', 18400, '2017-07-13 15:00:12', 1, 0, 0, 0, 0, 0, 0, 0, 0, 0, 0, 0, 0),
(316, 12, 15, 18400, '2017-07-13 15:28:54', 18434, '2017-07-13 17:37:43', 34, 0, 0, 0, 0, 0, 0, 0, 0, 0, 0, 0, 0),
(317, 7, 10, 143923, '2017-07-14 07:55:41', 144013, '2017-07-14 17:47:07', 90, 29.12, 144009, 150000, 2.36951, 0, 0, 0, 0, 0, 0, 0, 0),
(318, 11, 20, 530096, '2017-07-14 08:57:04', 530169, '2017-07-14 19:02:48', 73, 21.35, 530129, 110000, 6.18267, 0, 0, 0, 0, 0, 0, 0, 0),
(319, 16, 11, 205908, '2017-07-14 10:16:45', 205935, '2017-07-14 14:31:32', 27, 0, 0, 0, 0, 0, 0, 0, 0, 0, 0, 0, 0),
(320, 6, 9, 43980, '2017-07-14 10:17:26', 44042, '2017-07-14 16:48:38', 62, 19.41, 44013, 100000, 8.55229, 0, 0, 0, 0, 0, 0, 0, 0),
(321, 16, 11, 205935, '2017-07-14 15:34:06', 205964, '2017-07-14 18:21:31', 29, 0, 0, 0, 0, 0, 0, 0, 0, 0, 0, 0, 0),
(322, 11, 11, 530169, '2017-07-14 19:29:57', 530259, '2017-07-14 22:36:15', 90, 0, 0, 0, 0, 0, 0, 0, 0, 0, 0, 0, 0),
(324, 11, 20, 530259, '2017-07-15 08:04:17', 530299, '2017-07-15 14:00:00', 40, 19.41, 530261, 100000, 4.89438, 0, 0, 0, 0, 0, 0, 0, 0),
(325, 12, 15, 18434, '2017-07-15 08:51:09', 18453, '2017-07-15 10:34:17', 19, 0, 0, 0, 0, 0, 0, 0, 0, 0, 0, 0, 0),
(326, 10, 16, 64908, '2017-07-17 10:38:35', 65377, '2017-07-21 15:18:07', 469, 50.48, 65146, 260000, 4.53645, 29.126, 65375, 150000, 8.5834, 0, 0, 0, 0),
(327, 7, 11, 144014, '2017-07-15 09:52:00', 144039, '2017-07-15 14:45:00', 25, 0, 0, 0, 0, 0, 0, 0, 0, 0, 0, 0, 0),
(328, 12, 15, 18453, '2017-07-15 12:28:45', 18479, '2017-07-15 14:17:21', 26, 0, 0, 0, 0, 0, 0, 0, 0, 0, 0, 0, 0),
(329, 16, 13, 205964, '2017-07-15 14:08:01', 205987, '2017-07-15 15:29:06', 23, 0, 0, 0, 0, 0, 0, 0, 0, 0, 0, 0, 0),
(330, 12, 15, 18479, '2017-07-17 14:14:52', 18499, '2017-07-17 16:27:09', 20, 0, 0, 0, 0, 0, 0, 0, 0, 0, 0, 0, 0),
(331, 12, 15, 18499, '2017-07-18 13:24:48', 18511, '2017-07-18 14:08:05', 12, 0, 0, 0, 0, 0, 0, 0, 0, 0, 0, 0, 0),
(332, 12, 15, 18511, '2017-07-18 15:36:39', 18528, '2017-07-18 16:32:56', 17, 0, 0, 0, 0, 0, 0, 0, 0, 0, 0, 0, 0),
(333, 12, 15, 18528, '2017-07-19 13:00:40', 18560, '2017-07-19 14:40:58', 32, 0, 0, 0, 0, 0, 0, 0, 0, 0, 0, 0, 0),
(334, 12, 15, 18560, '2017-07-19 15:57:58', 18586, '2017-07-19 17:40:23', 26, 0, 0, 0, 0, 0, 0, 0, 0, 0, 0, 0, 0),
(335, 12, 15, 18586, '2017-07-20 11:00:04', 18613, '2017-07-20 12:10:29', 27, 6.06, 18596, 50000, 39.4389, 0, 0, 0, 0, 0, 0, 0, 0),
(336, 12, 15, 18613, '2017-07-20 13:35:55', 18615, '2017-07-20 14:02:14', 2, 0, 0, 0, 0, 0, 0, 0, 0, 0, 0, 0, 0),
(337, 16, 11, 205987, '2017-07-19 08:45:30', 206044, '2017-07-19 12:40:57', 57, 13.33, 206040, 100000, 12.3781, 0, 0, 0, 0, 0, 0, 0, 0),
(338, 14, 18, 54155, '2017-07-18 08:40:56', 54638, '2017-07-22 19:20:13', 483, 0, 0, 0, 0, 0, 0, 0, 0, 0, 0, 0, 0),
(340, 16, 11, 206044, '2017-07-19 13:07:37', 206063, '2017-07-19 15:11:52', 19, 0, 0, 0, 0, 0, 0, 0, 0, 0, 0, 0, 0),
(341, 16, 13, 206063, '2017-07-20 08:00:49', 206085, '2017-07-20 12:00:06', 22, 0, 0, 0, 0, 0, 0, 0, 0, 0, 0, 0, 0),
(342, 11, 11, 530299, '2017-07-17 11:57:39', 530318, '2017-07-17 15:30:58', 19, 0, 0, 0, 0, 0, 0, 0, 0, 0, 0, 0, 0),
(343, 11, 11, 530318, '2017-07-17 15:58:40', 530344, '2017-07-17 17:47:05', 26, 0, 0, 0, 0, 0, 0, 0, 0, 0, 0, 0, 0),
(344, 16, 13, 206085, '2017-07-20 13:37:49', 206111, '2017-07-20 16:53:06', 26, 0, 0, 0, 0, 0, 0, 0, 0, 0, 0, 0, 0),
(346, 12, 15, 18615, '2017-07-20 14:30:01', 18637, '2017-07-20 16:01:23', 22, 0, 0, 0, 0, 0, 0, 0, 0, 0, 0, 0, 0),
(347, 6, 10, 44136, '2017-07-17 10:43:43', 44225, '2017-07-17 18:05:58', 89, 29.12, 44179, 150000, 4.91071, 0, 0, 0, 0, 0, 0, 0, 0),
(348, 6, 10, 44225, '2017-07-18 08:08:29', 44326, '2017-07-18 17:40:49', 101, 29.12, 44322, 150000, 2.47253, 0, 0, 0, 0, 0, 0, 0, 0),
(349, 6, 10, 44326, '2017-07-18 07:34:41', 44395, '2017-07-18 19:00:26', 69, 29.42, 44394, 150000, 4.45275, 0, 0, 0, 0, 0, 0, 0, 0),
(350, 7, 20, 144039, '2017-07-17 11:15:49', 144096, '2017-07-17 17:47:10', 57, 29.12, 144078, 150000, 6.45604, 0, 0, 0, 0, 0, 0, 0, 0),
(351, 7, 20, 144096, '2017-07-18 08:54:56', 144208, '2017-07-18 16:58:13', 112, 0, 0, 0, 0, 0, 0, 0, 0, 0, 0, 0, 0),
(352, 7, 9, 144208, '2017-07-19 07:49:05', 144349, '2017-07-19 18:26:25', 141, 29.42, 144266, 150000, 3.87492, 0, 0, 0, 0, 0, 0, 0, 0),
(353, 7, 10, 144349, '2017-07-20 09:20:26', 144385, '2017-07-20 16:05:42', 36, 29.12, 144380, 150000, 0.892857, 0, 0, 0, 0, 0, 0, 0, 0),
(354, 6, 9, 44395, '2017-07-20 07:19:51', 44539, '2017-07-20 18:29:07', 144, 38.83, 44525, 200000, 2.83286, 0, 0, 0, 0, 0, 0, 0, 0),
(355, 6, 10, 44539, '2017-07-21 08:07:14', 44683, '2017-07-21 19:09:20', 144, 19.42, 44635, 100000, 5.20082, 0, 0, 0, 0, 0, 0, 0, 0),
(356, 16, 11, 206111, '2017-07-21 08:30:26', 206125, '2017-07-21 09:50:21', 14, 0, 0, 0, 0, 0, 0, 0, 0, 0, 0, 0, 0),
(357, 11, 11, 530344, '2017-07-18 14:55:44', 530378, '2017-07-18 17:52:09', 34, 19.41, 530356, 100000, 2.88511, 0, 0, 0, 0, 0, 0, 0, 0),
(358, 11, 20, 530378, '2017-07-19 10:45:09', 530418, '2017-07-19 18:30:02', 40, 13.59, 530412, 70000, 16.7035, 0, 0, 0, 0, 0, 0, 0, 0),
(359, 11, 20, 530418, '2017-07-20 06:27:11', 530665, '2017-07-20 16:30:37', 247, 33.02, 530639, 170000, 2.5742, 0, 0, 0, 0, 0, 0, 0, 0),
(360, 7, 9, 144385, '2017-07-21 09:23:16', 144416, '2017-07-21 14:07:03', 31, 13.59, 144406, 70000, 2.86976, 0, 0, 0, 0, 0, 0, 0, 0),
(361, 11, 20, 530665, '2017-07-21 09:25:04', 530749, '2017-07-21 15:52:44', 84, 13.59, 530724, 70000, 17.4393, 0, 0, 0, 0, 0, 0, 0, 0),
(362, 16, 11, 206125, '2017-07-21 10:10:17', 206146, '2017-07-21 13:54:15', 21, 0, 0, 0, 0, 0, 0, 0, 0, 0, 0, 0, 0),
(363, 12, 15, 18637, '2017-07-21 12:43:15', 18663, '2017-07-21 14:17:01', 26, 0, 0, 0, 0, 0, 0, 0, 0, 0, 0, 0, 0),
(364, 16, 11, 206146, '2017-07-21 15:30:26', 206173, '2017-07-21 17:54:47', 27, 0, 0, 0, 0, 0, 0, 0, 0, 0, 0, 0, 0),
(365, 16, 20, 206173, '2017-07-21 18:12:26', 206193, '2017-07-21 21:19:37', 20, 0, 0, 0, 0, 0, 0, 0, 0, 0, 0, 0, 0),
(367, 6, 10, 44683, '2017-07-22 08:18:42', 44803, '2017-07-22 17:09:14', 120, 38.84, 44736, 200000, 3.26982, 0, 0, 0, 0, 0, 0, 0, 0),
(368, 11, 20, 530749, '2017-07-22 09:23:07', 531011, '2017-07-22 18:24:20', 262, 48.54, 530961, 250000, 3.33745, 0, 0, 0, 0, 0, 0, 0, 0),
(369, 7, 9, 144416, '2017-07-22 10:03:00', 144460, '2017-07-22 15:01:29', 44, 25.24, 144445, 130000, 3.09033, 0, 0, 0, 0, 0, 0, 0, 0),
(370, 16, 11, 206193, '2017-07-22 11:44:35', 206221, '2017-07-22 14:27:00', 28, 15.26, 206205, 100000, 1.31062, 0, 0, 0, 0, 0, 0, 0, 0),
(371, 10, 16, 65377, '2017-07-24 08:51:47', 65997, '2017-07-28 15:41:07', 620, 48.63, 65625, 250445, 5.26424, 46.595, 65881, 239964, 7.38277, 0, 0, 0, 0),
(372, 14, 18, 54638, '2017-07-24 09:10:05', 55136, '2017-07-28 19:10:28', 498, 48.54, 54981, 250000, 3.15204, 19.417, 55134, 100000, 42.4885, 0, 0, 0, 0),
(373, 7, 10, 144460, '2017-07-24 10:01:48', 144575, '2017-07-24 17:57:41', 115, 29.13, 144523, 150000, 3.84483, 0, 0, 0, 0, 0, 0, 0, 0),
(375, 11, 20, 531011, '2017-07-24 10:31:01', 531140, '2017-07-24 17:49:16', 129, 19.41, 531123, 100000, 5.10046, 0, 0, 0, 0, 0, 0, 0, 0),
(376, 6, 9, 44803, '2017-07-24 10:32:41', 44882, '2017-07-24 17:37:53', 79, 29.13, 44863, 150000, 3.19258, 0, 0, 0, 0, 0, 0, 0, 0),
(377, 12, 15, 18663, '2017-07-24 14:51:26', 18681, '2017-07-24 16:21:18', 18, 0, 0, 0, 0, 0, 0, 0, 0, 0, 0, 0, 0),
(378, 16, 13, 206221, '2017-07-24 15:49:26', 206246, '2017-07-24 18:56:45', 25, 7.6, 206225, 50000, 10.2632, 0, 0, 0, 0, 0, 0, 0, 0),
(379, 11, 20, 531140, '2017-07-24 19:11:58', 531174, '2017-07-24 21:22:00', 34, 0, 0, 0, 0, 0, 0, 0, 0, 0, 0, 0, 0),
(380, 6, 9, 44883, '2017-07-25 07:24:10', 44978, '2017-07-25 18:55:25', 95, 38.83, 44956, 200000, 1.10739, 0, 0, 0, 0, 0, 0, 0, 0),
(381, 7, 10, 144575, '2017-07-25 09:10:47', 144639, '2017-07-25 17:08:28', 64, 19.41, 144635, 100000, 2.11231, 0, 0, 0, 0, 0, 0, 0, 0),
(382, 11, 20, 531174, '2017-07-25 10:09:55', 531250, '2017-07-25 16:29:41', 76, 19.41, 531222, 100000, 6.18238, 0, 0, 0, 0, 0, 0, 0, 0),
(383, 16, 13, 206246, '2017-07-25 10:19:12', 206273, '2017-07-25 13:23:55', 27, 0, 0, 0, 0, 0, 0, 0, 0, 0, 0, 0, 0),
(384, 12, 15, 18681, '2017-07-25 13:36:54', 18714, '2017-07-25 15:31:52', 33, 0, 0, 0, 0, 0, 0, 0, 0, 0, 0, 0, 0),
(385, 16, 13, 206273, '2017-07-25 16:30:48', 206299, '2017-07-25 18:23:53', 26, 0, 0, 0, 0, 0, 0, 0, 0, 0, 0, 0, 0),
(386, 6, 20, 44978, '2017-07-26 06:24:37', 45048, '2017-07-26 18:12:05', 70, 19.41, 44999, 100000, 7.10974, 0, 0, 0, 0, 0, 0, 0, 0),
(387, 11, 9, 531250, '2017-07-26 07:03:56', 531354, '2017-07-26 18:14:35', 104, 29.12, 531342, 150000, 36.6071, 0, 0, 0, 0, 0, 0, 0, 0),
(388, 7, 10, 144639, '2017-07-26 08:29:02', 144681, '2017-07-26 15:30:40', 42, 14.56, 144676, 75000, 3.09066, 0, 0, 0, 0, 0, 0, 0, 0),
(389, 16, 13, 206299, '2017-07-26 08:30:49', 206328, '2017-07-26 10:27:36', 29, 7.63, 206303, 50000, 14.941, 0, 0, 0, 0, 0, 0, 0, 0),
(390, 12, 15, 18714, '2017-07-26 08:53:32', 18734, '2017-07-26 09:56:44', 20, 0, 0, 0, 0, 0, 0, 0, 0, 0, 0, 0, 0),
(391, 16, 11, 206328, '2017-07-26 13:51:22', 206361, '2017-07-26 16:05:22', 33, 0, 0, 0, 0, 0, 0, 0, 0, 0, 0, 0, 0),
(392, 12, 15, 18734, '2017-07-26 15:39:15', 18753, '2017-07-26 17:34:48', 19, 0, 0, 0, 0, 0, 0, 0, 0, 0, 0, 0, 0),
(393, 16, 11, 206361, '2017-07-26 16:20:32', 206375, '2017-07-26 18:09:29', 14, 0, 0, 0, 0, 0, 0, 0, 0, 0, 0, 0, 0),
(394, 11, 20, 531354, '2017-07-27 05:43:55', 532504, '2017-07-27 18:36:25', 1150, 38.84, 532408, 200000, 3.4243, 0, 0, 0, 0, 0, 0, 0, 0),
(395, 6, 9, 45048, '2017-07-27 07:46:04', 45160, '2017-07-27 20:13:30', 112, 38.83, 45137, 200000, 3.03889, 0, 0, 0, 0, 0, 0, 0, 0),
(396, 7, 10, 144681, '2017-07-27 08:16:45', 144725, '2017-07-27 17:18:48', 44, 19.41, 144721, 100000, 6.90366, 0, 0, 0, 0, 0, 0, 0, 0),
(397, 16, 11, 206375, '2017-07-27 10:57:12', 206397, '2017-07-27 13:35:25', 22, 0, 0, 0, 0, 0, 0, 0, 0, 0, 0, 0, 0),
(398, 12, 15, 18754, '2017-07-27 14:15:46', 18766, '2017-07-27 15:17:43', 12, 0, 0, 0, 0, 0, 0, 0, 0, 0, 0, 0, 0),
(399, 16, 11, 206397, '2017-07-27 18:05:18', 206421, '2017-07-27 18:05:36', 24, 7.6, 206417, 50000, 6.71053, 0, 0, 0, 0, 0, 0, 0, 0),
(400, 7, 9, 144726, '2017-07-28 07:02:43', 144861, '2017-07-28 19:05:05', 135, 33.02, 144855, 170000, 0.393701, 0, 0, 0, 0, 0, 0, 0, 0),
(401, 16, 10, 206421, '2017-07-28 08:25:35', 206464, '2017-07-28 14:02:21', 43, 0, 0, 0, 0, 0, 0, 0, 0, 0, 0, 0, 0),
(402, 11, 20, 532504, '2017-07-28 13:52:34', 532785, '2017-07-28 19:09:35', 281, 13.59, 532541, 70000, 32.5239, 0, 0, 0, 0, 0, 0, 0, 0),
(403, 12, 15, 18766, '2017-07-28 13:53:23', 18797, '2017-07-28 16:18:10', 31, 0, 0, 0, 0, 0, 0, 0, 0, 0, 0, 0, 0),
(404, 16, 11, 206464, '2017-07-28 15:46:20', 206481, '2017-07-28 17:48:05', 17, 6.66, 206468, 50000, 5.40541, 0, 0, 0, 0, 0, 0, 0, 0),
(405, 6, 10, 45160, '2017-07-29 07:08:49', 45255, '2017-07-29 19:58:13', 95, 29.12, 45255, 150000, 2.74725, 0, 0, 0, 0, 0, 0, 0, 0),
(406, 10, 16, 65997, '2017-07-29 09:08:17', 66018, '2017-07-29 12:01:23', 21, 0, 0, 0, 0, 0, 0, 0, 0, 0, 0, 0, 0),
(407, 7, 9, 144862, '2017-07-29 09:11:10', 144882, '2017-07-29 12:45:29', 20, 15.53, 144868, 80000, 4.95815, 0, 0, 0, 0, 0, 0, 0, 0),
(408, 16, 11, 206481, '2017-07-29 09:15:20', 206499, '2017-07-29 12:00:57', 18, 0, 0, 0, 0, 0, 0, 0, 0, 0, 0, 0, 0),
(409, 7, 11, 144882, '2017-07-29 13:06:11', 144931, '2017-07-29 19:57:04', 49, 0, 0, 0, 0, 0, 0, 0, 0, 0, 0, 0, 0),
(410, 16, 13, 206499, '2017-07-29 14:06:00', 206532, '2017-07-29 19:56:24', 33, 7.63, 206504, 50000, 13.7615, 0, 0, 0, 0, 0, 0, 0, 0),
(411, 14, 18, 55136, '2017-07-29 14:09:44', 55156, '2017-07-29 19:55:30', 20, 0, 0, 0, 0, 0, 0, 0, 0, 0, 0, 0, 0),
(412, 11, 20, 532785, '2017-07-29 19:59:20', 533109, '2017-07-29 19:59:49', 324, 21.35, 532983, 110000, 17.2834, 0, 0, 0, 0, 0, 0, 0, 0),
(413, 10, 16, 66018, '2017-07-31 09:50:47', 66503, '2017-08-03 15:54:09', 485, 48.543, 66225, 250000, 3.99646, 31.07, 66419, 160000, 10.1706, 0, 0, 0, 0),
(414, 6, 10, 45255, '2017-07-31 09:56:04', 45379, '2017-07-31 19:36:07', 124, 29.13, 45335, 150000, 3.29557, 0, 0, 0, 0, 0, 0, 0, 0),
(415, 14, 18, 55156, '2017-07-31 09:58:14', 55623, '2017-08-04 17:24:02', 467, 0, 0, 0, 0, 0, 0, 0, 0, 0, 0, 0, 0),
(416, 11, 20, 533110, '2017-07-31 10:35:47', 533361, '2017-07-31 19:26:46', 251, 23.3, 533352, 120000, 4.16309, 0, 0, 0, 0, 0, 0, 0, 0),
(417, 7, 9, 144931, '2017-07-31 10:44:21', 144957, '2017-07-31 15:47:10', 26, 24.28, 144945, 125000, 4.48929, 0, 0, 0, 0, 0, 0, 0, 0),
(418, 16, 11, 206532, '2017-07-31 10:57:22', 206548, '2017-07-31 12:12:27', 16, 0, 0, 0, 0, 0, 0, 0, 0, 0, 0, 0, 0),
(419, 16, 11, 206548, '2017-07-31 13:33:48', 206566, '2017-07-31 15:10:45', 18, 0, 0, 0, 0, 0, 0, 0, 0, 0, 0, 0, 0),
(420, 12, 15, 18797, '2017-07-31 13:49:21', 18831, '2017-07-31 15:25:59', 34, 0, 0, 0, 0, 0, 0, 0, 0, 0, 0, 0, 0),
(421, 16, 11, 206566, '2017-07-31 23:35:08', 206587, '2017-08-01 00:22:03', 21, 0, 0, 0, 0, 0, 0, 0, 0, 0, 0, 0, 0),
(422, 7, 9, 144957, '2017-08-01 07:29:17', 145066, '2017-08-01 19:18:21', 109, 33.02, 145054, 170000, 1.27196, 0, 0, 0, 0, 0, 0, 0, 0),
(423, 16, 13, 206587, '2017-08-01 08:38:56', 206605, '2017-08-01 09:34:13', 18, 0, 0, 0, 0, 0, 0, 0, 0, 0, 0, 0, 0),
(424, 8, 20, 109543, '2017-08-01 09:46:25', 109654, '2017-08-01 09:46:43', 111, 0, 0, 0, 0, 0, 0, 0, 0, 0, 0, 0, 0),
(425, 8, 10, 109654, '2017-08-01 10:36:23', 109703, '2017-08-01 19:24:24', 49, 19.41, 109692, 100000, 1.33952, 0, 0, 0, 0, 0, 0, 0, 0),
(426, 6, 20, 45379, '2017-08-01 10:47:53', 45464, '2017-08-01 20:37:35', 85, 25.24, 45431, 130000, 5.38827, 0, 0, 0, 0, 0, 0, 0, 0),
(427, 11, 11, 533361, '2017-08-01 11:26:33', 533392, '2017-08-01 18:24:02', 31, 0, 0, 0, 0, 0, 0, 0, 0, 0, 0, 0, 0),
(428, 12, 15, 18831, '2017-08-01 14:34:33', 18867, '2017-08-01 14:35:37', 36, 7.6, 18835, 50000, 47.7632, 0, 0, 0, 0, 0, 0, 0, 0),
(429, 16, 13, 206605, '2017-08-01 15:37:02', 206644, '2017-08-01 18:07:21', 39, 11.45, 206609, 6550, 10.917, 0, 0, 0, 0, 0, 0, 0, 0),
(430, 12, 15, 18867, '2017-08-01 15:37:39', 18868, '2017-08-01 16:02:08', 1, 0, 0, 0, 0, 0, 0, 0, 0, 0, 0, 0, 0),
(431, 6, 9, 45464, '2017-08-02 07:21:11', 45579, '2017-08-02 19:28:57', 115, 29.12, 45567, 150000, 1.33929, 0, 0, 0, 0, 0, 0, 0, 0),
(432, 12, 15, 18868, '2017-08-02 09:53:01', 18890, '2017-08-02 11:18:44', 22, 0, 0, 0, 0, 0, 0, 0, 0, 0, 0, 0, 0),
(433, 8, 10, 109703, '2017-08-02 10:05:36', 109741, '2017-08-02 18:31:08', 38, 24.78, 109718, 127600, 3.06699, 0, 0, 0, 0, 0, 0, 0, 0),
(434, 7, 11, 145066, '2017-08-02 10:07:16', 145098, '2017-08-02 14:02:21', 32, 19.41, 145096, 100000, 3.03967, 0, 0, 0, 0, 0, 0, 0, 0),
(435, 11, 20, 533392, '2017-08-02 10:51:45', 533575, '2017-08-02 16:11:43', 183, 21.35, 533449, 110000, 9.97658, 0, 0, 0, 0, 0, 0, 0, 0),
(436, 16, 11, 206644, '2017-08-02 14:54:16', 206677, '2017-08-02 17:55:45', 33, 0, 0, 0, 0, 0, 0, 0, 0, 0, 0, 0, 0),
(437, 6, 20, 45579, '2017-08-03 06:21:29', 45829, '2017-08-03 19:16:55', 250, 44.66, 45606, 230000, 6.33677, 0, 0, 0, 0, 0, 0, 0, 0),
(439, 7, 10, 145098, '2017-08-03 08:01:48', 145285, '2017-08-03 19:50:16', 187, 34.96, 145155, 180000, 6.35011, 0, 0, 0, 0, 0, 0, 0, 0),
(440, 8, 11, 109741, '2017-08-03 09:18:55', 109772, '2017-08-03 15:09:17', 31, 0, 0, 0, 0, 0, 0, 0, 0, 0, 0, 0, 0),
(441, 11, 9, 533575, '2017-08-03 12:22:37', 533681, '2017-08-03 16:28:49', 106, 29.12, 533662, 150000, 2.36951, 0, 0, 0, 0, 0, 0, 0, 0),
(442, 12, 15, 18890, '2017-08-03 14:33:20', 18908, '2017-08-03 16:01:50', 18, 0, 0, 0, 0, 0, 0, 0, 0, 0, 0, 0, 0),
(443, 16, 11, 206677, '2017-08-03 16:27:52', 206709, '2017-08-03 18:30:46', 32, 0, 0, 0, 0, 0, 0, 0, 0, 0, 0, 0, 0),
(444, 7, 9, 145285, '2017-08-04 06:35:39', 145390, '2017-08-04 18:35:43', 105, 29.12, 145377, 150000, 5.52885, 0, 0, 0, 0, 0, 0, 0, 0),
(445, 6, 20, 45829, '2017-08-04 09:53:22', 45915, '2017-08-04 19:19:47', 86, 33, 45889, 170000, 2.0303, 0, 0, 0, 0, 0, 0, 0, 0),
(446, 8, 10, 109773, '2017-08-04 09:54:29', 109814, '2017-08-04 18:15:02', 41, 19.41, 109794, 100000, 4.32767, 0, 0, 0, 0, 0, 0, 0, 0),
(447, 11, 11, 533681, '2017-08-04 13:58:42', 533720, '2017-08-04 16:59:48', 39, 0, 0, 0, 0, 0, 0, 0, 0, 0, 0, 0, 0),
(448, 12, 15, 18908, '2017-08-04 16:13:10', 18938, '2017-08-04 17:46:17', 30, 0, 0, 0, 0, 0, 0, 0, 0, 0, 0, 0, 0),
(449, 7, 9, 145390, '2017-08-05 06:18:43', 145581, '2017-08-05 17:47:08', 191, 38.83, 145538, 200000, 2.29204, 0, 0, 0, 0, 0, 0, 0, 0),
(450, 8, 10, 109815, '2017-08-05 06:19:33', 109918, '2017-08-05 17:09:29', 103, 38.83, 109878, 200000, 4.12053, 0, 0, 0, 0, 0, 0, 0, 0),
(451, 16, 11, 206709, '2017-08-05 08:52:57', 206752, '2017-08-05 12:15:30', 43, 7.6, 206734, 50000, 15, 0, 0, 0, 0, 0, 0, 0, 0),
(452, 11, 20, 533720, '2017-08-05 09:26:08', 533883, '2017-08-07 16:43:35', 163, 9.7, 533731, 50000, 5.46392, 25.24, 533784, 130000, 4.6355, 0, 0, 0, 0),
(453, 16, 11, 206752, '2017-08-05 12:40:52', 206804, '2017-08-05 16:56:53', 52, 0, 0, 0, 0, 0, 0, 0, 0, 0, 0, 0, 0),
(454, 8, 11, 109918, '2017-08-06 12:09:23', 109959, '2017-08-06 18:03:26', 41, 0, 0, 0, 0, 0, 0, 0, 0, 0, 0, 0, 0),
(455, 10, 16, 66503, '2017-08-07 08:40:05', 66529, '2017-08-07 09:18:50', 26, 0, 0, 0, 0, 0, 0, 0, 0, 0, 0, 0, 0),
(456, 10, 16, 66529, '2017-08-07 09:28:18', 66972, '2017-08-11 15:09:53', 443, 48.54, 66735, 250000, 4.77956, 31.068, 66967, 160000, 6.17999, 0, 0, 0, 0),
(457, 14, 18, 55623, '2017-08-07 09:41:05', 56070, '2017-08-11 18:20:19', 447, 48.63, 55959, 250450, 2.20029, 19.417, 56066, 100000, 14.2658, 0, 0, 0, 0),
(458, 7, 10, 145581, '2017-08-07 09:45:48', 145690, '2017-08-07 19:21:15', 109, 29.13, 145627, 150000, 7.27772, 0, 0, 0, 0, 0, 0, 0, 0),
(459, 8, 9, 109959, '2017-08-07 10:02:01', 110043, '2017-08-07 17:38:02', 84, 29.12, 110038, 150000, 2.12912, 0, 0, 0, 0, 0, 0, 0, 0),
(460, 12, 15, 18938, '2017-08-07 10:26:17', 18961, '2017-08-07 11:04:12', 23, 0, 0, 0, 0, 0, 0, 0, 0, 0, 0, 0, 0),
(461, 16, 11, 206804, '2017-08-07 13:50:23', 206852, '2017-08-07 18:32:13', 48, 6.6, 206848, 50000, 12.7273, 0, 0, 0, 0, 0, 0, 0, 0),
(462, 12, 15, 18961, '2017-08-07 15:47:02', 18962, '2017-08-07 15:47:30', 1, 0, 0, 0, 0, 0, 0, 0, 0, 0, 0, 0, 0),
(463, 12, 15, 18962, '2017-08-07 16:01:38', 18991, '2017-08-07 17:37:40', 29, 0, 0, 0, 0, 0, 0, 0, 0, 0, 0, 0, 0),
(464, 8, 20, 110043, '2017-08-08 08:01:19', 110113, '2017-08-08 16:43:25', 70, 23.3, 110100, 120000, 4.12017, 0, 0, 0, 0, 0, 0, 0, 0),
(465, 11, 9, 533883, '2017-08-08 08:06:04', 533919, '2017-08-08 16:32:30', 36, 25.24, 533901, 130000, 1.98098, 0, 0, 0, 0, 0, 0, 0, 0),
(466, 7, 10, 145690, '2017-08-08 12:35:08', 145707, '2017-08-08 16:09:29', 17, 0, 0, 0, 0, 0, 0, 0, 0, 0, 0, 0, 0),
(467, 16, 11, 206852, '2017-08-08 13:48:33', 206881, '2017-08-08 16:08:57', 29, 0, 0, 0, 0, 0, 0, 0, 0, 0, 0, 0, 0),
(468, 12, 15, 18991, '2017-08-08 15:33:58', 19016, '2017-08-09 07:16:36', 25, 0, 0, 0, 0, 0, 0, 0, 0, 0, 0, 0, 0),
(469, 6, 20, 45915, '2017-08-09 07:12:47', 45980, '2017-08-09 19:44:32', 65, 25.24, 45956, 130000, 4.08082, 0, 0, 0, 0, 0, 0, 0, 0),
(470, 7, 9, 145708, '2017-08-09 07:15:40', 145851, '2017-08-09 19:43:42', 143, 38.84, 145839, 200026, 1.33883, 0, 0, 0, 0, 0, 0, 0, 0),
(471, 8, 10, 110133, '2017-08-09 08:06:19', 110194, '2017-08-09 17:44:02', 61, 0, 0, 0, 0, 0, 0, 0, 0, 0, 0, 0, 0),
(472, 12, 15, 19016, '2017-08-09 08:55:59', 19036, '2017-08-09 09:40:18', 20, 0, 0, 0, 0, 0, 0, 0, 0, 0, 0, 0, 0),
(473, 12, 15, 19036, '2017-08-09 15:35:12', 19052, '2017-08-09 16:34:34', 16, 0, 0, 0, 0, 0, 0, 0, 0, 0, 0, 0, 0),
(474, 11, 11, 533919, '2017-08-09 13:03:24', 533944, '2017-08-09 15:34:36', 25, 0, 0, 0, 0, 0, 0, 0, 0, 0, 0, 0, 0),
(475, 8, 9, 110194, '2017-08-10 08:38:15', 110353, '2017-08-10 18:10:16', 159, 38.83, 110196, 200000, 4.63559, 0, 0, 0, 0, 0, 0, 0, 0),
(476, 11, 20, 533944, '2017-08-10 08:48:05', 534168, '2017-08-10 19:44:36', 224, 19.42, 533951, 100000, 11.174, 29.12, 534168, 150000, 0.412088, 0, 0, 0, 0),
(477, 7, 10, 145852, '2017-08-10 09:03:44', 145895, '2017-08-10 16:42:46', 43, 19.41, 145891, 100000, 3.14271, 0, 0, 0, 0, 0, 0, 0, 0),
(478, 16, 11, 206886, '2017-08-10 12:01:51', 206908, '2017-08-10 14:11:29', 22, 0, 0, 0, 0, 0, 0, 0, 0, 0, 0, 0, 0),
(479, 16, 11, 206908, '2017-08-10 14:32:05', 206933, '2017-08-10 16:42:13', 25, 7.5, 206932, 50000, 5.2, 0, 0, 0, 0, 0, 0, 0, 0),
(480, 12, 15, 19052, '2017-08-10 15:18:21', 19073, '2017-08-10 17:11:30', 21, 0, 0, 0, 0, 0, 0, 0, 0, 0, 0, 0, 0),
(481, 7, 10, 145899, '2017-08-11 06:46:55', 146009, '2017-08-11 18:18:41', 110, 34.96, 145952, 180000, 3.80435, 0, 0, 0, 0, 0, 0, 0, 0),
(482, 6, 11, 45981, '2017-08-11 08:09:48', 46010, '2017-08-11 10:30:24', 29, 0, 0, 0, 0, 0, 0, 0, 0, 0, 0, 0, 0),
(483, 11, 20, 534168, '2017-08-11 09:10:37', 534227, '2017-08-11 19:30:46', 59, 23.3, 534180, 120000, 4.59227, 0, 0, 0, 0, 0, 0, 0, 0),
(484, 8, 9, 110353, '2017-08-11 09:11:14', 110394, '2017-08-11 16:54:44', 41, 19.41, 110376, 100000, 1.85471, 0, 0, 0, 0, 0, 0, 0, 0),
(485, 16, 11, 206934, '2017-08-11 11:43:10', 206961, '2017-08-11 13:27:29', 27, 0, 0, 0, 0, 0, 0, 0, 0, 0, 0, 0, 0),
(486, 12, 15, 19073, '2017-08-11 15:32:44', 19102, '2017-08-11 16:53:00', 29, 0, 0, 0, 0, 0, 0, 0, 0, 0, 0, 0, 0),
(487, 6, 11, 46010, '2017-08-12 03:34:47', 46075, '2017-08-12 10:15:13', 65, 23.3, 46059, 120000, 3.60515, 0, 0, 0, 0, 0, 0, 0, 0),
(488, 7, 9, 146009, '2017-08-12 09:46:25', 146107, '2017-08-12 14:26:40', 98, 29.12, 146085, 150000, 3.43407, 0, 0, 0, 0, 0, 0, 0, 0),
(489, 11, 20, 534227, '2017-08-12 09:47:24', 534306, '2017-08-12 15:12:49', 79, 21.35, 534287, 110000, 3.13817, 0, 0, 0, 0, 0, 0, 0, 0),
(490, 8, 10, 110394, '2017-08-12 09:48:28', 110424, '2017-08-12 15:27:14', 30, 19.41, 110412, 100000, 3.40031, 0, 0, 0, 0, 0, 0, 0, 0),
(491, 16, 13, 206961, '2017-08-12 12:03:15', 206982, '2017-08-12 14:03:02', 21, 10.69, 206971, 70000, 9.54163, 0, 0, 0, 0, 0, 0, 0, 0),
(492, 16, 9, 206982, '2017-08-12 15:09:24', 207015, '2017-08-12 19:30:47', 33, 0, 0, 0, 0, 0, 0, 0, 0, 0, 0, 0, 0),
(493, 7, 9, 146107, '2017-08-14 06:03:32', 146207, '2017-08-14 15:06:27', 100, 23.3, 146185, 120000, 5.32189, 0, 0, 0, 0, 0, 0, 0, 0),
(494, 12, 15, 19102, '2017-08-14 08:34:37', 19133, '2017-08-14 10:44:32', 31, 0, 0, 0, 0, 0, 0, 0, 0, 0, 0, 0, 0),
(495, 8, 10, 110424, '2017-08-14 09:30:53', 110515, '2017-08-14 17:07:55', 91, 29.12, 110478, 150000, 1.99176, 0, 0, 0, 0, 0, 0, 0, 0),
(496, 10, 16, 66972, '2017-08-14 09:31:27', 67206, '2017-08-16 16:28:32', 234, 38.84, 67159, 200000, 4.53141, 0, 0, 0, 0, 0, 0, 0, 0),
(497, 14, 18, 56070, '2017-08-14 09:39:55', 56514, '2017-08-18 18:53:49', 444, 38.84, 56343, 200000, 3.83625, 29.126, 56492, 150000, 12.5318, 0, 0, 0, 0),
(498, 11, 20, 534306, '2017-08-14 09:46:31', 534345, '2017-08-14 16:49:19', 39, 0, 0, 0, 0, 0, 0, 0, 0, 0, 0, 0, 0),
(499, 6, 11, 46075, '2017-08-14 10:41:45', 46089, '2017-08-14 11:22:40', 14, 0, 0, 0, 0, 0, 0, 0, 0, 0, 0, 0, 0),
(500, 16, 11, 207015, '2017-08-14 13:46:23', 207050, '2017-08-14 17:04:21', 35, 0, 0, 0, 0, 0, 0, 0, 0, 0, 0, 0, 0),
(501, 12, 15, 19133, '2017-08-14 16:51:54', 19151, '2017-08-14 18:09:43', 18, 0, 0, 0, 0, 0, 0, 0, 0, 0, 0, 0, 0),
(502, 7, 9, 146207, '2017-08-15 07:19:39', 146353, '2017-08-15 17:06:38', 146, 34.96, 146309, 180000, 3.03204, 0, 0, 0, 0, 0, 0, 0, 0),
(503, 8, 10, 110515, '2017-08-15 08:20:16', 110542, '2017-08-15 16:15:26', 27, 19.41, 110536, 100000, 1.64863, 0, 0, 0, 0, 0, 0, 0, 0),
(504, 11, 20, 534345, '2017-08-15 08:27:16', 534364, '2017-08-15 11:24:57', 19, 13.59, 534354, 70000, 4.70935, 0, 0, 0, 0, 0, 0, 0, 0),
(505, 11, 11, 534364, '2017-08-15 11:59:53', 534386, '2017-08-15 15:04:30', 22, 0, 0, 0, 0, 0, 0, 0, 0, 0, 0, 0, 0),
(506, 16, 13, 207050, '2017-08-15 14:30:19', 207069, '2017-08-15 15:47:01', 19, 0, 0, 0, 0, 0, 0, 0, 0, 0, 0, 0, 0),
(507, 12, 15, 19151, '2017-08-15 15:42:02', 19188, '2017-08-15 17:55:40', 37, 0, 0, 0, 0, 0, 0, 0, 0, 0, 0, 0, 0),
(508, 11, 11, 534386, '2017-08-15 16:04:13', 534419, '2017-08-15 18:35:57', 33, 19.41, 534418, 100000, 5.25502, 0, 0, 0, 0, 0, 0, 0, 0),
(509, 6, 20, 46089, '2017-08-16 05:59:24', 46159, '2017-08-16 16:27:46', 70, 25.24, 46143, 130000, 3.32805, 0, 0, 0, 0, 0, 0, 0, 0),
(510, 7, 9, 146353, '2017-08-16 07:11:25', 146498, '2017-08-16 18:57:40', 145, 42.74, 146415, 220111, 3.95414, 0, 0, 0, 0, 0, 0, 0, 0),
(511, 8, 10, 110542, '2017-08-16 08:00:22', 110572, '2017-08-16 16:18:25', 30, 19.41, 110568, 100000, 2.36991, 0, 0, 0, 0, 0, 0, 0, 0),
(512, 11, 11, 534420, '2017-08-16 08:16:20', 534522, '2017-08-16 14:21:22', 102, 29.12, 534520, 150000, 1.82005, 0, 0, 0, 0, 0, 0, 0, 0),
(513, 12, 15, 19188, '2017-08-16 08:29:28', 19203, '2017-08-16 09:29:47', 15, 6.6, 19198, 50000, 44.2424, 0, 0, 0, 0, 0, 0, 0, 0),
(514, 12, 15, 19203, '2017-08-16 10:48:57', 19204, '2017-08-16 12:40:18', 1, 0, 0, 0, 0, 0, 0, 0, 0, 0, 0, 0, 0),
(515, 12, 15, 19204, '2017-08-16 12:40:39', 19237, '2017-08-16 15:23:43', 33, 0, 0, 0, 0, 0, 0, 0, 0, 0, 0, 0, 0),
(516, 16, 13, 207069, '2017-08-16 13:08:25', 207093, '2017-08-16 14:48:23', 24, 10.67, 207073, 80000, 13.3083, 0, 0, 0, 0, 0, 0, 0, 0),
(517, 11, 11, 534522, '2017-08-16 15:24:32', 534544, '2017-08-16 18:58:28', 22, 0, 0, 0, 0, 0, 0, 0, 0, 0, 0, 0, 0),
(518, 7, 9, 146498, '2017-08-18 09:26:44', 146598, '2017-08-18 19:07:39', 100, 23.24, 146584, 130000, 5.76592, 0, 0, 0, 0, 0, 0, 0, 0),
(519, 8, 10, 110573, '2017-08-18 09:34:44', 110615, '2017-08-18 18:02:35', 42, 9.7, 110614, 50000, 3.91753, 0, 0, 0, 0, 0, 0, 0, 0),
(520, 12, 15, 19237, '2017-08-18 09:35:20', 19268, '2017-08-18 11:29:23', 31, 0, 0, 0, 0, 0, 0, 0, 0, 0, 0, 0, 0),
(521, 11, 20, 534544, '2017-08-18 09:38:49', 534591, '2017-08-18 15:16:19', 47, 19.41, 534573, 100000, 3.65791, 0, 0, 0, 0, 0, 0, 0, 0),
(523, 12, 15, 19268, '2017-08-18 14:03:32', 19269, '2017-08-18 14:03:55', 1, 0, 0, 0, 0, 0, 0, 0, 0, 0, 0, 0, 0),
(524, 16, 11, 207117, '2017-08-18 16:17:09', 207142, '2017-08-18 18:00:13', 25, 0, 0, 0, 0, 0, 0, 0, 0, 0, 0, 0, 0),
(525, 11, 20, 534591, '2017-08-19 05:36:26', 534815, '2017-08-19 16:03:22', 224, 29.12, 534644, 150000, 5.28846, 15.5, 534798, 80000, 6.25806, 0, 0, 0, 0),
(526, 7, 9, 146598, '2017-08-19 06:45:40', 146734, '2017-08-19 16:48:17', 136, 34.95, 146718, 180000, 0.801144, 0, 0, 0, 0, 0, 0, 0, 0),
(527, 8, 10, 110615, '2017-08-19 08:22:19', 110657, '2017-08-19 16:31:09', 42, 29.12, 110652, 150000, 3.74313, 0, 0, 0, 0, 0, 0, 0, 0),
(528, 16, 11, 207142, '2017-08-19 11:39:26', 207168, '2017-08-19 14:24:02', 26, 0, 0, 0, 0, 0, 0, 0, 0, 0, 0, 0, 0),
(530, 12, 15, 19269, '2017-08-19 13:05:56', 19288, '2017-08-19 14:20:12', 19, 0, 0, 0, 0, 0, 0, 0, 0, 0, 0, 0, 0),
(531, 16, 11, 207168, '2017-08-19 14:33:43', 207185, '2017-08-19 16:02:52', 17, 0, 0, 0, 0, 0, 0, 0, 0, 0, 0, 0, 0),
(532, 11, 11, 534815, '2017-08-19 17:19:20', 534818, '2017-08-19 17:19:41', 3, 0, 0, 0, 0, 0, 0, 0, 0, 0, 0, 0, 0),
(533, 14, 17, 56514, '2017-08-21 08:57:40', 56959, '2017-08-25 19:04:31', 445, 48.54, 56857, 250000, 2.03956, 19.417, 56956, 100000, 17.0984, 0, 0, 0, 0),
(534, 6, 10, 46159, '2017-08-21 09:53:30', 46299, '2017-08-21 19:39:49', 140, 38.83, 46227, 200000, 3.11615, 0, 0, 0, 0, 0, 0, 0, 0),
(535, 8, 20, 110657, '2017-08-21 10:12:04', 110682, '2017-08-21 12:21:57', 25, 0, 0, 0, 0, 0, 0, 0, 0, 0, 0, 0, 0),
(536, 7, 9, 146734, '2017-08-21 10:21:24', 146788, '2017-08-21 17:44:55', 54, 48.54, 146746, 250000, 2.01895, 0, 0, 0, 0, 0, 0, 0, 0),
(537, 12, 15, 19288, '2017-08-21 11:46:05', 19315, '2017-08-21 13:19:05', 27, 0, 0, 0, 0, 0, 0, 0, 0, 0, 0, 0, 0),
(538, 16, 11, 207185, '2017-08-21 13:14:05', 207221, '2017-08-21 16:35:32', 36, 7.6, 207215, 50000, 17.8947, 0, 0, 0, 0, 0, 0, 0, 0),
(539, 8, 20, 110682, '2017-08-21 13:50:19', 110723, '2017-08-21 18:02:48', 41, 0, 0, 0, 0, 0, 0, 0, 0, 0, 0, 0, 0),
(540, 12, 15, 19315, '2017-08-21 16:08:14', 19345, '2017-08-21 18:05:07', 30, 0, 0, 0, 0, 0, 0, 0, 0, 0, 0, 0, 0),
(541, 11, 20, 534818, '2017-08-22 06:48:32', 534987, '2017-08-22 18:24:40', 169, 19.41, 534895, 100000, 3.76095, 25.24, 534968, 130000, 3.09033, 0, 0, 0, 0),
(542, 8, 9, 110724, '2017-08-22 07:09:22', 110843, '2017-08-22 15:13:53', 119, 27.19, 110761, 140000, 7.64987, 0, 0, 0, 0, 0, 0, 0, 0),
(543, 7, 10, 146788, '2017-08-22 09:24:42', 146849, '2017-08-22 17:24:57', 61, 19.41, 146844, 100000, 2.06079, 0, 0, 0, 0, 0, 0, 0, 0),
(544, 10, 16, 67206, '2017-08-22 09:36:19', 67675, '2017-08-25 16:59:52', 469, 47.58, 67335, 245037, 6.36822, 33, 67638, 170000, 5.18182, 0, 0, 0, 0),
(545, 12, 15, 19346, '2017-08-22 10:28:29', 19370, '2017-08-22 12:09:54', 24, 0, 0, 0, 0, 0, 0, 0, 0, 0, 0, 0, 0),
(546, 16, 11, 207221, '2017-08-22 14:16:51', 207247, '2017-08-22 16:42:39', 26, 0, 0, 0, 0, 0, 0, 0, 0, 0, 0, 0, 0),
(547, 16, 11, 207247, '2017-08-22 17:03:10', 207329, '2017-08-22 21:57:51', 82, 6.6, 207265, 50000, 0, 0, 0, 0, 0, 0, 0, 0, 0),
(548, 6, 11, 46299, '2017-08-23 02:00:25', 46364, '2017-08-23 14:35:06', 65, 23.3, 46348, 120000, 3.81974, 0, 0, 0, 0, 0, 0, 0, 0),
(549, 8, 9, 110843, '2017-08-23 06:54:15', 110980, '2017-08-23 18:08:27', 137, 34.96, 110969, 180000, 0.657895, 0, 0, 0, 0, 0, 0, 0, 0),
(550, 7, 10, 146849, '2017-08-23 08:47:25', 146889, '2017-08-23 16:28:05', 40, 19.41, 146884, 100000, 2.52447, 0, 0, 0, 0, 0, 0, 0, 0),
(551, 16, 13, 207329, '2017-08-23 09:41:21', 207346, '2017-08-23 10:34:10', 17, 0, 0, 0, 0, 0, 0, 0, 0, 0, 0, 0, 0),
(552, 11, 20, 534987, '2017-08-23 10:02:55', 535070, '2017-08-23 16:39:49', 83, 21.35, 535046, 110000, 5.38642, 0, 0, 0, 0, 0, 0, 0, 0),
(553, 16, 13, 207346, '2017-08-23 14:03:01', 207403, '2017-08-23 18:04:40', 57, 8, 207351, 60000, 12.5, 0, 0, 0, 0, 0, 0, 0, 0),
(554, 12, 15, 19371, '2017-08-23 15:49:37', 19389, '2017-08-23 17:11:09', 18, 0, 0, 0, 0, 0, 0, 0, 0, 0, 0, 0, 0),
(555, 8, 20, 110980, '2017-08-24 05:57:08', 111201, '2017-08-24 18:30:01', 221, 29.12, 110992, 150000, 5.46017, 23.84, 111151, 122700, 3.22987, 0, 0, 0, 0),
(556, 11, 9, 535070, '2017-08-24 07:23:24', 535174, '2017-08-24 15:00:20', 104, 27.18, 535161, 140000, 1.91317, 0, 0, 0, 0, 0, 0, 0, 0),
(557, 7, 10, 146889, '2017-08-24 09:17:58', 146938, '2017-08-24 17:52:34', 49, 19.4, 146933, 100000, 3.81443, 0, 0, 0, 0, 0, 0, 0, 0),
(558, 16, 11, 207403, '2017-08-24 12:52:48', 207420, '2017-08-24 14:35:07', 17, 0, 0, 0, 0, 0, 0, 0, 0, 0, 0, 0, 0),
(559, 16, 11, 207420, '2017-08-24 15:05:00', 207447, '2017-08-24 18:00:31', 27, 0, 0, 0, 0, 0, 0, 0, 0, 0, 0, 0, 0),
(560, 7, 10, 146938, '2017-08-25 07:20:10', 147043, '2017-08-25 19:01:45', 105, 38.83, 147007, 200000, 3.78573, 0, 0, 0, 0, 0, 0, 0, 0),
(561, 6, 11, 46364, '2017-08-25 02:30:58', 46429, '2017-08-25 11:29:47', 65, 0, 0, 0, 0, 0, 0, 0, 0, 0, 0, 0, 0),
(562, 8, 9, 111201, '2017-08-25 08:50:40', 111249, '2017-08-25 17:31:30', 48, 25.24, 111228, 130000, 1.90174, 0, 0, 0, 0, 0, 0, 0, 0),
(563, 16, 20, 207447, '2017-08-25 11:46:35', 207485, '2017-08-25 15:43:28', 38, 10.69, 207451, 70000, 10.1029, 0, 0, 0, 0, 0, 0, 0, 0),
(564, 11, 11, 535174, '2017-08-25 13:54:57', 535233, '2017-08-25 19:28:01', 59, 21.35, 535213, 110000, 3.93443, 0, 0, 0, 0, 0, 0, 0, 0),
(565, 16, 11, 207485, '2017-08-25 16:18:58', 207523, '2017-08-25 18:31:02', 38, 0, 0, 0, 0, 0, 0, 0, 0, 0, 0, 0, 0),
(566, 6, 9, 46429, '2017-08-26 07:09:54', 46528, '2017-08-26 18:32:18', 99, 38.83, 46437, 200000, 2.7556, 0, 0, 0, 0, 0, 0, 0, 0),
(567, 7, 20, 147043, '2017-08-26 07:22:16', 147185, '2017-08-26 18:13:38', 142, 25.24, 147154, 130000, 3.96197, 0, 0, 0, 0, 0, 0, 0, 0),
(568, 8, 10, 111249, '2017-08-26 09:17:35', 111286, '2017-08-26 15:20:57', 37, 19.42, 111276, 100000, 2.62616, 0, 0, 0, 0, 0, 0, 0, 0),
(569, 11, 11, 535233, '2017-08-26 12:27:28', 535299, '2017-08-26 19:49:29', 66, 13.59, 535297, 70000, 3.60559, 0, 0, 0, 0, 0, 0, 0, 0),
(570, 14, 18, 56959, '2017-08-28 09:43:31', 57393, '2017-08-31 18:01:14', 434, 38.834, 57288, 200000, 1.28753, 29.127, 57338, 150000, 15.6556, 0, 0, 0, 0),
(571, 16, 11, 207523, '2017-08-28 10:21:01', 207555, '2017-08-28 12:11:10', 32, 0, 0, 0, 0, 0, 0, 0, 0, 0, 0, 0, 0),
(572, 10, 16, 67675, '2017-08-28 10:22:58', 68169, '2017-08-31 16:06:10', 494, 37.58, 67809, 193537, 7.10484, 40.777, 68076, 210000, 5.22353, 0, 0, 0, 0),
(573, 8, 10, 111286, '2017-08-28 10:47:52', 111390, '2017-08-28 18:21:46', 104, 38.83, 111327, 200000, 3.70847, 0, 0, 0, 0, 0, 0, 0, 0),
(574, 7, 20, 147189, '2017-08-28 10:50:52', 147220, '2017-08-28 18:10:04', 31, 0, 0, 0, 0, 0, 0, 0, 0, 0, 0, 0, 0),
(575, 11, 11, 535299, '2017-08-28 14:01:18', 535321, '2017-08-28 16:53:43', 22, 0, 0, 0, 0, 0, 0, 0, 0, 0, 0, 0, 0),
(576, 16, 13, 207555, '2017-08-28 15:36:23', 207591, '2017-08-28 18:00:17', 36, 10.66, 207559, 80000, 14.6341, 0, 0, 0, 0, 0, 0, 0, 0),
(577, 8, 9, 111390, '2017-08-29 06:04:16', 111484, '2017-08-29 14:15:12', 94, 25.24, 111471, 130000, 6.02219, 0, 0, 0, 0, 0, 0, 0, 0),
(578, 7, 10, 147220, '2017-08-29 08:54:34', 147258, '2017-08-29 16:50:35', 38, 29.12, 147254, 150000, 2.16346, 0, 0, 0, 0, 0, 0, 0, 0),
(579, 11, 20, 535321, '2017-08-29 09:02:38', 535407, '2017-08-29 16:00:45', 86, 29.12, 535346, 150000, 3.26236, 0, 0, 0, 0, 0, 0, 0, 0),
(581, 16, 11, 207591, '2017-08-29 12:00:06', 207618, '2017-08-29 14:28:15', 27, 0, 0, 0, 0, 0, 0, 0, 0, 0, 0, 0, 0),
(582, 16, 11, 207618, '2017-08-29 15:39:29', 207653, '2017-08-29 18:32:49', 35, 0, 0, 0, 0, 0, 0, 0, 0, 0, 0, 0, 0),
(583, 6, 20, 46528, '2017-08-30 05:45:59', 46598, '2017-08-30 16:44:44', 70, 31.06, 46544, 160000, 4.44301, 0, 0, 0, 0, 0, 0, 0, 0),
(584, 8, 9, 111484, '2017-08-30 06:06:48', 111640, '2017-08-30 18:20:22', 156, 38.83, 111623, 200000, 1.44218, 0, 0, 0, 0, 0, 0, 0, 0),
(585, 7, 10, 147258, '2017-08-30 07:19:50', 147321, '2017-08-30 17:23:25', 63, 19.41, 147317, 100000, 2.00927, 0, 0, 0, 0, 0, 0, 0, 0),
(586, 12, 15, 19389, '2017-08-30 08:53:27', 19415, '2017-08-30 10:08:52', 26, 0, 0, 0, 0, 0, 0, 0, 0, 0, 0, 0, 0),
(587, 11, 11, 535407, '2017-08-30 10:24:24', 535422, '2017-09-02 09:56:16', 15, 0, 0, 0, 0, 0, 0, 0, 0, 0, 0, 0, 0),
(588, 16, 13, 207653, '2017-08-30 11:55:25', 207674, '2017-08-30 13:18:07', 21, 0, 0, 0, 0, 0, 0, 0, 0, 0, 0, 0, 0),
(589, 16, 11, 207674, '2017-08-30 15:43:06', 207709, '2017-08-30 18:10:23', 35, 0, 0, 0, 0, 0, 0, 0, 0, 0, 0, 0, 0);
INSERT INTO `kilometer` (`id_km`, `id_mobil`, `id_peg`, `km_brkt`, `jam_brkt`, `km_plg`, `jam_plg`, `jarak_tempuh`, `solar_1`, `km_solar1`, `harga_solar1`, `rasio_solar1`, `solar_2`, `km_solar2`, `harga_solar2`, `rasio_solar2`, `solar_3`, `km_solar3`, `harga_solar3`, `rasio_solar3`) VALUES
(590, 16, 20, 207709, '2017-08-31 05:37:25', 207853, '2017-08-31 15:35:43', 144, 20, 207715, 150000, 18.7, 0, 0, 0, 0, 0, 0, 0, 0),
(591, 7, 10, 147321, '2017-08-31 08:13:40', 147360, '2017-08-31 17:49:15', 39, 9.7, 147356, 50000, 3.50515, 0, 0, 0, 0, 0, 0, 0, 0),
(592, 6, 9, 46598, '2017-08-31 08:30:43', 46694, '2017-08-31 19:22:02', 96, 33, 46682, 170000, 1.81818, 0, 0, 0, 0, 0, 0, 0, 0),
(593, 8, 13, 111640, '2017-08-31 12:13:24', 111667, '2017-08-31 14:59:23', 27, 0, 0, 0, 0, 0, 0, 0, 0, 0, 0, 0, 0),
(594, 12, 15, 19415, '2017-08-31 13:01:43', 19436, '2017-08-31 14:29:40', 21, 0, 0, 0, 0, 0, 0, 0, 0, 0, 0, 0, 0),
(595, 16, 11, 207853, '2017-08-31 18:36:41', 207876, '2017-08-31 18:37:05', 23, 0, 0, 0, 0, 0, 0, 0, 0, 0, 0, 0, 0),
(596, 16, 13, 207876, '2017-08-31 21:07:52', 208008, '2017-09-02 08:00:48', 132, 0, 0, 0, 0, 0, 0, 0, 0, 0, 0, 0, 0),
(597, 16, 20, 208008, '2017-09-02 08:59:33', 208025, '2017-09-02 09:56:53', 17, 0, 0, 0, 0, 0, 0, 0, 0, 0, 0, 0, 0),
(598, 8, 9, 111667, '2017-09-02 09:55:26', 111800, '2017-09-02 18:44:24', 133, 38.83, 111679, 200000, 5.94901, 0, 0, 0, 0, 0, 0, 0, 0),
(599, 7, 10, 147360, '2017-09-02 09:55:43', 147394, '2017-09-02 14:44:27', 34, 29.12, 147390, 150000, 4.2239, 0, 0, 0, 0, 0, 0, 0, 0),
(600, 16, 13, 208025, '2017-09-02 10:49:57', 208041, '2017-09-02 12:16:20', 16, 0, 0, 0, 0, 0, 0, 0, 0, 0, 0, 0, 0),
(601, 11, 20, 535422, '2017-09-02 11:16:35', 535475, '2017-09-02 16:07:12', 53, 19.41, 535441, 100000, 4.43071, 0, 0, 0, 0, 0, 0, 0, 0),
(602, 6, 18, 46694, '2017-09-02 11:40:09', 46726, '2017-09-02 15:02:31', 32, 0, 0, 0, 0, 0, 0, 0, 0, 0, 0, 0, 0),
(603, 16, 13, 208041, '2017-09-02 13:25:13', 208078, '2017-09-02 17:02:53', 37, 0, 0, 0, 0, 0, 0, 0, 0, 0, 0, 0, 0),
(604, 11, 20, 535475, '2017-09-04 09:29:13', 535515, '2017-09-04 13:47:17', 40, 0, 0, 0, 0, 0, 0, 0, 0, 0, 0, 0, 0),
(605, 14, 18, 57394, '2017-09-04 09:53:08', 57408, '2017-09-04 11:42:54', 14, 0, 0, 0, 0, 0, 0, 0, 0, 0, 0, 0, 0),
(606, 7, 10, 147394, '2017-09-04 11:11:12', 147438, '2017-09-04 17:49:14', 44, 0, 0, 0, 0, 0, 0, 0, 0, 0, 0, 0, 0),
(607, 6, 9, 46727, '2017-09-04 11:14:31', 46821, '2017-09-04 17:48:08', 94, 38.83, 46742, 200000, 2.44656, 0, 0, 0, 0, 0, 0, 0, 0),
(608, 14, 18, 57408, '2017-09-04 12:22:18', 57455, '2017-09-04 15:20:18', 47, 0, 0, 0, 0, 0, 0, 0, 0, 0, 0, 0, 0),
(609, 11, 20, 535515, '2017-09-04 14:16:24', 535540, '2017-09-04 17:49:39', 25, 15.5, 535527, 80000, 5.16129, 0, 0, 0, 0, 0, 0, 0, 0),
(610, 16, 20, 208078, '2017-09-04 18:02:40', 208099, '2017-09-04 20:33:40', 21, 8, 208089, 60000, 15.125, 0, 0, 0, 0, 0, 0, 0, 0),
(611, 6, 20, 46822, '2017-09-05 06:10:31', 46889, '2017-09-05 18:21:35', 67, 33, 46837, 170000, 3.06061, 0, 0, 0, 0, 0, 0, 0, 0),
(612, 8, 9, 111801, '2017-09-05 06:21:48', 111920, '2017-09-05 18:22:03', 119, 33, 111910, 170000, 3.39394, 0, 0, 0, 0, 0, 0, 0, 0),
(613, 11, 10, 535540, '2017-09-05 09:01:56', 535565, '2017-09-12 10:59:18', 25, 0, 0, 0, 0, 0, 0, 0, 0, 0, 0, 0, 0),
(614, 16, 13, 208099, '2017-09-05 09:02:36', 208116, '2017-09-05 09:43:50', 17, 0, 0, 0, 0, 0, 0, 0, 0, 0, 0, 0, 0),
(615, 14, 18, 57455, '2017-09-05 09:08:22', 57946, '2017-09-08 18:41:06', 491, 48.54, 57794, 250000, 3.06963, 19.417, 57943, 100000, 14.1113, 0, 0, 0, 0),
(616, 10, 16, 68170, '2017-09-05 09:52:34', 68548, '2017-09-08 19:12:11', 378, 51.5, 68289, 250000, 4.91262, 15.534, 68542, 80000, 15.2569, 0, 0, 0, 0),
(617, 7, 10, 147438, '2017-09-05 10:01:59', 147518, '2017-09-05 18:01:44', 80, 34.46, 147513, 177450, 1.65409, 0, 0, 0, 0, 0, 0, 0, 0),
(618, 16, 13, 208116, '2017-09-05 12:33:50', 208145, '2017-09-05 15:35:33', 29, 0, 0, 0, 0, 0, 0, 0, 0, 0, 0, 0, 0),
(619, 16, 13, 208145, '2017-09-05 16:29:21', 208179, '2017-09-05 19:16:26', 34, 0, 0, 0, 0, 0, 0, 0, 0, 0, 0, 0, 0),
(620, 6, 20, 46889, '2017-09-06 06:34:39', 47037, '2017-09-06 17:47:14', 148, 25.24, 46938, 130000, 4.99208, 0, 0, 0, 0, 0, 0, 0, 0),
(621, 8, 9, 111920, '2017-09-06 06:35:16', 112032, '2017-09-06 19:22:11', 112, 38.83, 112022, 200000, 3.03889, 0, 0, 0, 0, 0, 0, 0, 0),
(622, 7, 10, 147518, '2017-09-06 08:33:33', 147575, '2017-09-06 17:24:54', 57, 29.12, 147570, 150000, 1.88874, 0, 0, 0, 0, 0, 0, 0, 0),
(623, 16, 13, 208179, '2017-09-06 12:51:29', 208205, '2017-09-06 15:47:59', 26, 0, 0, 0, 0, 0, 0, 0, 0, 0, 0, 0, 0),
(624, 16, 13, 208205, '2017-09-06 16:47:06', 208239, '2017-09-06 18:44:09', 34, 6.67, 208210, 50000, 9.14543, 0, 0, 0, 0, 0, 0, 0, 0),
(625, 6, 20, 47037, '2017-09-07 06:50:29', 47269, '2017-09-07 18:23:02', 232, 38.83, 47064, 200000, 5.69148, 0, 0, 0, 0, 0, 0, 0, 0),
(626, 8, 9, 112032, '2017-09-07 06:51:01', 112183, '2017-09-07 18:23:27', 151, 38.83, 112140, 200000, 4.12053, 0, 0, 0, 0, 0, 0, 0, 0),
(627, 16, 13, 208239, '2017-09-07 09:14:48', 208266, '2017-09-07 10:59:37', 27, 0, 0, 0, 0, 0, 0, 0, 0, 0, 0, 0, 0),
(628, 7, 10, 147576, '2017-09-07 09:16:39', 147629, '2017-09-07 17:28:22', 53, 29.12, 147625, 15, 0.858516, 0, 0, 0, 0, 0, 0, 0, 0),
(630, 16, 13, 208266, '2017-09-07 13:13:42', 208305, '2017-09-07 16:47:27', 39, 10.66, 208271, 80000, 15.3846, 0, 0, 0, 0, 0, 0, 0, 0),
(631, 16, 13, 208305, '2017-09-07 17:40:52', 208337, '2017-09-07 20:38:31', 32, 0, 0, 0, 0, 0, 0, 0, 0, 0, 0, 0, 0),
(632, 6, 20, 47269, '2017-09-08 07:07:11', 47374, '2017-09-08 18:55:40', 105, 38.83, 47285, 200000, 4.14628, 0, 0, 0, 0, 0, 0, 0, 0),
(633, 8, 9, 112183, '2017-09-08 07:13:54', 112310, '2017-09-08 19:22:26', 127, 38.83, 112300, 200000, 1.41643, 0, 0, 0, 0, 0, 0, 0, 0),
(634, 12, 15, 19436, '2017-09-08 08:42:14', 19466, '2017-09-08 09:59:18', 30, 0, 0, 0, 0, 0, 0, 0, 0, 0, 0, 0, 0),
(635, 7, 10, 147630, '2017-09-08 09:38:57', 147658, '2017-09-08 15:00:54', 28, 19.41, 147650, 100000, 2.57599, 0, 0, 0, 0, 0, 0, 0, 0),
(636, 16, 11, 208338, '2017-09-08 13:24:18', 208367, '2017-09-08 16:28:01', 29, 0, 0, 0, 0, 0, 0, 0, 0, 0, 0, 0, 0),
(637, 16, 11, 208367, '2017-09-08 16:56:53', 208398, '2017-09-08 19:22:00', 31, 0, 0, 0, 0, 0, 0, 0, 0, 0, 0, 0, 0),
(638, 6, 9, 47374, '2017-09-09 06:17:56', 47461, '2017-09-09 17:15:25', 87, 34.96, 47446, 180000, 1.83066, 0, 0, 0, 0, 0, 0, 0, 0),
(639, 8, 20, 112310, '2017-09-09 07:16:30', 112377, '2017-09-09 15:35:12', 67, 23.3, 112355, 120000, 6.22318, 0, 0, 0, 0, 0, 0, 0, 0),
(640, 16, 11, 208398, '2017-09-09 08:41:04', 208426, '2017-09-09 11:06:57', 28, 0, 0, 0, 0, 0, 0, 0, 0, 0, 0, 0, 0),
(641, 7, 10, 147658, '2017-09-09 09:15:00', 147705, '2017-09-09 14:15:59', 47, 29.12, 147700, 150000, 1.2706, 0, 0, 0, 0, 0, 0, 0, 0),
(642, 8, 9, 112377, '2017-09-11 09:38:17', 112511, '2017-09-11 19:45:30', 134, 29.12, 112500, 150000, 2.40385, 0, 0, 0, 0, 0, 0, 0, 0),
(643, 6, 20, 47461, '2017-09-11 10:32:11', 47551, '2017-09-11 16:11:42', 90, 13.59, 47510, 70000, 6.6961, 0, 0, 0, 0, 0, 0, 0, 0),
(645, 7, 10, 147706, '2017-09-11 11:14:16', 147733, '2017-09-11 14:48:16', 27, 0, 0, 0, 0, 0, 0, 0, 0, 0, 0, 0, 0),
(646, 14, 18, 57946, '2017-09-11 11:51:51', 58404, '2017-09-15 17:41:38', 458, 38.84, 58217, 200000, 4.73738, 29.126, 58401, 150000, 11.6734, 0, 0, 0, 0),
(647, 10, 16, 68548, '2017-09-11 11:56:39', 68970, '2017-09-15 16:17:36', 422, 38.84, 68779, 200000, 4.81462, 31.068, 68966, 160000, 11.3944, 0, 0, 0, 0),
(648, 16, 10, 208426, '2017-09-11 15:32:16', 208457, '2017-09-11 19:19:51', 31, 6.6, 208435, 50000, 4.84848, 0, 0, 0, 0, 0, 0, 0, 0),
(649, 8, 9, 112511, '2017-09-12 07:00:07', 112645, '2017-09-12 15:49:35', 134, 34.96, 112570, 180000, 5.37757, 0, 0, 0, 0, 0, 0, 0, 0),
(650, 16, 20, 208457, '2017-09-12 10:06:24', 208541, '2017-09-12 15:50:01', 84, 22.9, 208467, 150000, 5.58952, 0, 0, 0, 0, 0, 0, 0, 0),
(651, 7, 10, 147734, '2017-09-12 10:07:00', 147774, '2017-09-12 14:14:29', 40, 29.12, 147737, 150000, 2.78159, 0, 0, 0, 0, 0, 0, 0, 0),
(652, 11, 11, 535565, '2017-09-12 12:17:26', 535594, '2017-09-12 15:36:28', 29, 0, 0, 0, 0, 0, 0, 0, 0, 0, 0, 0, 0),
(653, 11, 11, 535594, '2017-09-12 16:04:25', 535617, '2017-09-12 19:34:27', 23, 13.59, 535607, 70000, 7.28477, 0, 0, 0, 0, 0, 0, 0, 0),
(654, 8, 9, 112645, '2017-09-13 06:42:56', 112769, '2017-09-13 18:52:09', 124, 38.83, 112758, 200000, 2.24054, 0, 0, 0, 0, 0, 0, 0, 0),
(655, 16, 20, 208541, '2017-09-13 07:26:51', 208605, '2017-09-13 13:42:09', 64, 20, 208595, 150000, 3.55, 0, 0, 0, 0, 0, 0, 0, 0),
(656, 7, 10, 147774, '2017-09-13 08:46:36', 147823, '2017-09-13 17:24:56', 49, 19.41, 147818, 100000, 2.26687, 0, 0, 0, 0, 0, 0, 0, 0),
(657, 11, 11, 535617, '2017-09-13 12:18:47', 535659, '2017-09-13 16:10:54', 42, 0, 0, 0, 0, 0, 0, 0, 0, 0, 0, 0, 0),
(658, 16, 20, 208605, '2017-09-14 06:28:52', 208731, '2017-09-14 15:38:51', 126, 21.35, 208666, 160000, 5.43326, 0, 0, 0, 0, 0, 0, 0, 0),
(659, 8, 9, 112769, '2017-09-14 07:16:31', 112959, '2017-09-14 19:10:27', 190, 34.96, 112845, 180000, 6.14989, 0, 0, 0, 0, 0, 0, 0, 0),
(660, 7, 10, 147823, '2017-09-14 08:26:08', 147866, '2017-09-14 16:06:30', 43, 19.41, 147862, 100000, 1.75167, 0, 0, 0, 0, 0, 0, 0, 0),
(661, 11, 11, 535659, '2017-09-14 09:03:49', 535673, '2017-09-14 10:43:46', 14, 0, 0, 0, 0, 0, 0, 0, 0, 0, 0, 0, 0),
(662, 11, 11, 535673, '2017-09-14 12:32:59', 535705, '2017-09-14 15:38:12', 32, 0, 0, 0, 0, 0, 0, 0, 0, 0, 0, 0, 0),
(663, 12, 11, 19466, '2017-09-14 16:27:04', 19486, '2017-09-14 17:33:52', 20, 0, 0, 0, 0, 0, 0, 0, 0, 0, 0, 0, 0),
(664, 8, 9, 112959, '2017-09-15 07:07:27', 113070, '2017-09-15 19:46:27', 111, 33.01, 113060, 170002, 3.78673, 0, 0, 0, 0, 0, 0, 0, 0),
(665, 16, 20, 208731, '2017-09-15 07:08:48', 208786, '2017-09-15 15:03:01', 55, 6.6, 208782, 50000, 10.1515, 0, 0, 0, 0, 0, 0, 0, 0),
(666, 7, 10, 147867, '2017-09-15 08:20:04', 147901, '2017-09-15 20:19:33', 34, 19.41, 147896, 100000, 2.06079, 0, 0, 0, 0, 0, 0, 0, 0),
(667, 11, 11, 535705, '2017-09-15 08:59:09', 535726, '2017-09-15 11:25:16', 21, 15.5, 535706, 80000, 5.22581, 0, 0, 0, 0, 0, 0, 0, 0),
(668, 11, 11, 535726, '2017-09-15 14:46:38', 535750, '2017-09-15 18:01:54', 24, 0, 0, 0, 0, 0, 0, 0, 0, 0, 0, 0, 0),
(669, 8, 9, 113070, '2017-09-16 06:56:59', 113201, '2017-09-16 18:32:06', 131, 38.83, 113185, 200000, 6.41257, 0, 0, 0, 0, 0, 0, 0, 0),
(670, 16, 20, 208786, '2017-09-16 07:06:11', 208853, '2017-09-16 11:36:50', 67, 6.66, 208849, 50000, 37.3874, 0, 0, 0, 0, 0, 0, 0, 0),
(671, 7, 10, 147901, '2017-09-16 08:30:26', 147956, '2017-09-16 14:01:10', 55, 19.41, 147936, 100000, 1.64863, 0, 0, 0, 0, 0, 0, 0, 0),
(672, 11, 11, 535750, '2017-09-16 11:21:26', 535776, '2017-09-16 13:56:20', 26, 0, 0, 0, 0, 0, 0, 0, 0, 0, 0, 0, 0),
(673, 16, 17, 208853, '2017-09-17 06:44:52', 209065, '2017-09-17 17:08:16', 212, 0, 0, 0, 0, 0, 0, 0, 0, 0, 0, 0, 0),
(674, 14, 17, 58405, '2017-09-18 09:56:53', 58921, '2017-09-22 18:49:05', 516, 48.54, 58741, 250000, 3.64648, 19.417, 58918, 100000, 17.5104, 0, 0, 0, 0),
(675, 8, 9, 113201, '2017-09-18 10:04:26', 113352, '2017-09-18 19:53:23', 151, 44.66, 0, 0, 0, 0, 0, 0, 0, 0, 0, 0, 0),
(676, 7, 10, 147956, '2017-09-18 10:05:05', 148020, '2017-09-18 17:25:22', 64, 29.12, 147968, 150000, 3.26236, 0, 0, 0, 0, 0, 0, 0, 0),
(677, 11, 20, 535776, '2017-09-18 10:09:28', 535847, '2017-09-18 16:40:24', 71, 29.12, 535787, 150000, 2.43819, 0, 0, 0, 0, 0, 0, 0, 0),
(678, 16, 11, 209065, '2017-09-18 10:33:34', 209084, '2017-09-18 12:05:07', 19, 0, 0, 0, 0, 0, 0, 0, 0, 0, 0, 0, 0),
(679, 10, 16, 68970, '2017-09-18 11:47:10', 69555, '2017-09-22 16:56:17', 585, 52.42, 69320, 270000, 4.40671, 38.835, 69551, 200000, 9.14124, 0, 0, 0, 0),
(680, 16, 11, 209084, '2017-09-18 14:34:52', 209115, '2017-09-18 16:40:47', 31, 9.3, 209098, 70000, 7.84946, 0, 0, 0, 0, 0, 0, 0, 0),
(681, 12, 15, 19486, '2017-09-18 16:28:24', 19514, '2017-09-18 17:41:37', 28, 6.6, 19490, 50000, 43.1818, 0, 0, 0, 0, 0, 0, 0, 0),
(682, 6, 11, 47552, '2017-09-19 02:00:22', 47616, '2017-09-19 09:57:32', 64, 23.3, 47601, 120000, 2.74678, 0, 0, 0, 0, 0, 0, 0, 0),
(683, 8, 9, 113352, '2017-09-19 06:43:22', 113450, '2017-09-19 17:12:45', 98, 20, 113434, 103000, 3.1, 0, 0, 0, 0, 0, 0, 0, 0),
(684, 11, 20, 535847, '2017-09-19 06:57:58', 535954, '2017-09-19 16:44:35', 107, 19.42, 535858, 100000, 5.76725, 0, 0, 0, 0, 0, 0, 0, 0),
(685, 7, 10, 148020, '2017-09-19 10:09:17', 148067, '2017-09-19 16:40:53', 47, 19.41, 148063, 100000, 2.93663, 0, 0, 0, 0, 0, 0, 0, 0),
(686, 16, 11, 209115, '2017-09-19 12:42:46', 209149, '2017-09-19 16:55:10', 34, 0, 0, 0, 0, 0, 0, 0, 0, 0, 0, 0, 0),
(687, 16, 11, 209149, '2017-09-19 17:32:09', 209208, '2017-09-19 20:36:27', 59, 8, 209171, 60000, 10.125, 0, 0, 0, 0, 0, 0, 0, 0),
(688, 6, 11, 47616, '2017-09-20 02:12:00', 47681, '2017-09-20 11:53:36', 65, 21.36, 47665, 110004, 3.04307, 0, 0, 0, 0, 0, 0, 0, 0),
(690, 11, 20, 535954, '2017-09-20 07:08:04', 535998, '2017-09-20 17:35:13', 44, 23.3, 535970, 120000, 2.7897, 0, 0, 0, 0, 0, 0, 0, 0),
(691, 8, 9, 113450, '2017-09-20 07:08:57', 113579, '2017-09-20 17:28:06', 129, 29.12, 113496, 150000, 5.28846, 0, 0, 0, 0, 0, 0, 0, 0),
(692, 7, 10, 148067, '2017-09-20 08:53:01', 148124, '2017-09-20 17:12:39', 57, 29.12, 148120, 150000, 1.20192, 0, 0, 0, 0, 0, 0, 0, 0),
(693, 16, 13, 209208, '2017-09-20 12:08:15', 209238, '2017-09-20 14:36:26', 30, 0, 0, 0, 0, 0, 0, 0, 0, 0, 0, 0, 0),
(694, 16, 11, 209238, '2017-09-20 16:00:17', 209274, '2017-09-20 18:20:50', 36, 13.33, 209252, 100000, 9.15229, 0, 0, 0, 0, 0, 0, 0, 0),
(695, 7, 10, 148124, '2017-09-22 09:10:12', 148159, '2017-09-22 18:07:47', 35, 19.41, 148155, 100000, 1.75167, 0, 0, 0, 0, 0, 0, 0, 0),
(696, 11, 11, 535998, '2017-09-22 09:22:36', 536064, '2017-09-22 19:54:16', 66, 21.36, 536035, 110000, 2.80899, 0, 0, 0, 0, 0, 0, 0, 0),
(697, 8, 9, 113580, '2017-09-22 09:23:27', 113693, '2017-09-22 18:06:42', 113, 33.01, 113650, 1700, 5.11966, 0, 0, 0, 0, 0, 0, 0, 0),
(698, 16, 13, 209274, '2017-09-22 11:35:36', 209304, '2017-09-22 13:26:10', 30, 0, 0, 0, 0, 0, 0, 0, 0, 0, 0, 0, 0),
(699, 16, 11, 209304, '2017-09-22 15:19:23', 209332, '2017-09-22 17:35:52', 28, 0, 0, 0, 0, 0, 0, 0, 0, 0, 0, 0, 0),
(700, 8, 9, 113693, '2017-09-23 06:37:08', 113835, '2017-09-23 16:07:52', 142, 34.96, 113819, 180000, 0.600686, 0, 0, 0, 0, 0, 0, 0, 0),
(701, 11, 20, 536064, '2017-09-23 10:00:41', 536098, '2017-09-23 16:04:25', 34, 23.3, 536095, 120000, 2.48927, 0, 0, 0, 0, 0, 0, 0, 0),
(702, 7, 10, 148160, '2017-09-23 10:10:56', 148194, '2017-09-23 16:08:14', 34, 19.41, 148189, 100000, 2.62751, 0, 0, 0, 0, 0, 0, 0, 0),
(703, 16, 11, 209332, '2017-09-23 12:08:10', 209358, '2017-09-23 14:55:58', 26, 0, 0, 0, 0, 0, 0, 0, 0, 0, 0, 0, 0),
(704, 7, 10, 148194, '2017-09-25 06:30:56', 148293, '2017-09-25 16:47:33', 99, 34.96, 148240, 180000, 2.0595, 0, 0, 0, 0, 0, 0, 0, 0),
(705, 11, 20, 536098, '2017-09-25 10:35:46', 536298, '2017-09-25 20:14:56', 200, 40.77, 536153, 210000, 4.46407, 0, 0, 0, 0, 0, 0, 0, 0),
(706, 8, 9, 113835, '2017-09-25 10:45:57', 113860, '2017-09-28 08:23:01', 25, 13.59, 113840, 70000, 2.50184, 0, 0, 0, 0, 0, 0, 0, 0),
(707, 10, 16, 69555, '2017-09-25 11:06:38', 70113, '2017-09-29 15:53:47', 558, 53.99, 69906, 278049, 3.75996, 38.835, 70109, 200000, 4.96974, 0, 0, 0, 0),
(708, 14, 18, 58921, '2017-09-25 11:43:45', 59388, '2017-09-29 16:45:23', 467, 48.55, 59258, 250000, 2.59526, 19.417, 59384, 100000, 17.5104, 0, 0, 0, 0),
(709, 16, 11, 209358, '2017-09-25 12:28:21', 209392, '2017-09-25 15:42:31', 34, 9.3, 209374, 70000, 11.6129, 0, 0, 0, 0, 0, 0, 0, 0),
(710, 16, 11, 209392, '2017-09-25 16:46:47', 209427, '2017-09-25 18:53:39', 35, 0, 0, 0, 0, 0, 0, 0, 0, 0, 0, 0, 0),
(711, 6, 10, 47681, '2017-09-26 06:45:47', 47793, '2017-09-26 17:54:44', 112, 29.13, 47730, 150000, 2.67765, 0, 0, 0, 0, 0, 0, 0, 0),
(712, 11, 20, 536298, '2017-09-26 07:22:47', 536353, '2017-09-26 15:44:14', 55, 19.41, 536335, 100000, 6.90366, 0, 0, 0, 0, 0, 0, 0, 0),
(713, 16, 11, 209427, '2017-09-26 08:22:22', 209455, '2017-09-26 10:05:28', 28, 0, 0, 0, 0, 0, 0, 0, 0, 0, 0, 0, 0),
(714, 7, 9, 148293, '2017-09-26 09:33:22', 148329, '2017-09-26 15:03:40', 36, 23.3, 148312, 120000, 1.67382, 0, 0, 0, 0, 0, 0, 0, 0),
(715, 16, 11, 209455, '2017-09-26 13:39:00', 209479, '2017-09-26 16:03:57', 24, 0, 0, 0, 0, 0, 0, 0, 0, 0, 0, 0, 0),
(716, 16, 11, 209479, '2017-09-26 16:12:26', 209498, '2017-09-26 17:52:14', 19, 9.3, 209482, 70000, 3.11828, 0, 0, 0, 0, 0, 0, 0, 0),
(717, 6, 20, 47793, '2017-09-27 06:16:24', 47862, '2017-09-27 17:30:45', 69, 27.18, 47808, 140000, 3.89993, 0, 0, 0, 0, 0, 0, 0, 0),
(718, 11, 10, 536353, '2017-09-27 08:16:01', 536471, '2017-09-27 19:11:18', 118, 29.12, 536469, 150000, 1.88874, 0, 0, 0, 0, 0, 0, 0, 0),
(719, 7, 9, 148329, '2017-09-27 08:47:23', 148356, '2017-09-27 16:53:51', 27, 19.41, 148351, 100000, 2.11231, 0, 0, 0, 0, 0, 0, 0, 0),
(723, 16, 11, 209498, '2017-09-27 09:30:19', 209561, '2017-09-27 15:00:39', 63, 6.1, 209511, 40000, 23.4426, 0, 0, 0, 0, 0, 0, 0, 0),
(724, 16, 13, 209561, '2017-09-27 13:30:29', 209584, '2017-09-27 16:42:48', 23, 0, 0, 0, 0, 0, 0, 0, 0, 0, 0, 0, 0),
(725, 8, 11, 113860, '2017-09-27 15:00:05', 113888, '2017-09-27 18:20:27', 28, 15.5, 113874, 80000, 4.77419, 0, 0, 0, 0, 0, 0, 0, 0),
(726, 11, 20, 536471, '2017-09-28 08:39:29', 536685, '2017-09-28 18:49:43', 214, 38.83, 536524, 200000, 5.0734, 0, 0, 0, 0, 0, 0, 0, 0),
(727, 8, 10, 113889, '2017-09-28 08:40:46', 114046, '2017-09-28 20:25:31', 157, 38.83, 113948, 200000, 4.06902, 0, 0, 0, 0, 0, 0, 0, 0),
(728, 16, 11, 209584, '2017-09-28 08:41:23', 209607, '2017-09-28 10:41:52', 23, 0, 0, 0, 0, 0, 0, 0, 0, 0, 0, 0, 0),
(729, 7, 9, 148356, '2017-09-28 08:42:17', 148395, '2017-09-28 16:52:01', 39, 19.41, 148392, 100000, 2.26687, 0, 0, 0, 0, 0, 0, 0, 0),
(730, 16, 11, 209607, '2017-09-28 11:49:16', 209626, '2017-09-28 14:06:53', 19, 0, 0, 0, 0, 0, 0, 0, 0, 0, 0, 0, 0),
(731, 16, 11, 209626, '2017-09-28 15:45:42', 209655, '2017-09-28 18:18:42', 29, 13.33, 209654, 100000, 3.07577, 0, 0, 0, 0, 0, 0, 0, 0),
(732, 6, 20, 47862, '2017-09-29 08:10:40', 47954, '2017-09-29 18:20:41', 92, 38.83, 47914, 200000, 2.3178, 0, 0, 0, 0, 0, 0, 0, 0),
(733, 8, 10, 114047, '2017-09-29 08:11:25', 114161, '2017-09-29 19:57:08', 114, 34.96, 114106, 180000, 4.8627, 0, 0, 0, 0, 0, 0, 0, 0),
(734, 11, 11, 536685, '2017-09-29 09:02:48', 536708, '2017-09-29 11:54:54', 23, 0, 0, 0, 0, 0, 0, 0, 0, 0, 0, 0, 0),
(735, 7, 9, 148395, '2017-09-29 09:06:21', 148455, '2017-09-29 18:01:06', 60, 23.3, 148436, 120000, 2.06009, 0, 0, 0, 0, 0, 0, 0, 0),
(736, 16, 13, 209655, '2017-09-29 12:57:16', 209690, '2017-09-29 17:44:04', 35, 0, 0, 0, 0, 0, 0, 0, 0, 0, 0, 0, 0),
(737, 12, 15, 19514, '2017-09-29 14:30:12', 19538, '2017-09-29 15:50:08', 24, 0, 0, 0, 0, 0, 0, 0, 0, 0, 0, 0, 0),
(738, 11, 11, 536708, '2017-09-29 14:45:32', 536723, '2017-09-29 17:55:28', 15, 19.41, 536721, 100000, 2.52447, 0, 0, 0, 0, 0, 0, 0, 0),
(739, 6, 11, 47954, '2017-09-30 02:27:01', 48020, '2017-09-30 09:41:50', 66, 29.12, 48004, 150000, 3.26236, 0, 0, 0, 0, 0, 0, 0, 0),
(740, 8, 10, 114161, '2017-09-30 07:41:53', 114291, '2017-09-30 19:45:26', 130, 38.83, 114276, 200000, 1.77698, 0, 0, 0, 0, 0, 0, 0, 0),
(741, 7, 9, 148458, '2017-09-30 09:15:20', 148500, '2017-09-30 16:51:33', 42, 23.24, 148484, 130000, 3.61446, 0, 0, 0, 0, 0, 0, 0, 0),
(742, 11, 20, 536724, '2017-09-30 09:15:43', 536779, '2017-09-30 16:51:15', 55, 21.93, 536770, 112960, 2.05198, 0, 0, 0, 0, 0, 0, 0, 0),
(743, 16, 13, 209690, '2017-09-30 10:43:23', 209722, '2017-09-30 15:26:09', 32, 6.6, 209695, 50000, 16.6667, 0, 0, 0, 0, 0, 0, 0, 0),
(744, 6, 11, 48020, '2017-09-30 10:43:58', 48050, '2017-09-30 12:14:27', 30, 0, 0, 0, 0, 0, 0, 0, 0, 0, 0, 0, 0),
(745, 6, 11, 48050, '2017-09-30 13:24:21', 48080, '2017-09-30 16:02:00', 30, 0, 0, 0, 0, 0, 0, 0, 0, 0, 0, 0, 0),
(746, 12, 15, 19538, '2017-09-30 14:59:37', 19550, '2017-09-30 15:53:01', 12, 0, 0, 0, 0, 0, 0, 0, 0, 0, 0, 0, 0),
(747, 16, 13, 209722, '2017-09-30 15:26:57', 209749, '2017-09-30 17:24:15', 27, 0, 0, 0, 0, 0, 0, 0, 0, 0, 0, 0, 0),
(748, 14, 18, 59388, '2017-09-30 17:23:21', 59423, '2017-09-30 17:23:47', 35, 0, 0, 0, 0, 0, 0, 0, 0, 0, 0, 0, 0),
(749, 14, 18, 59423, '2017-10-02 11:37:10', 59828, '2017-10-06 18:56:33', 405, 48.54, 59724, 250000, 2.06016, 19.417, 59824, 100000, 18.8495, 0, 0, 0, 0),
(750, 8, 10, 114292, '2017-10-02 11:37:54', 114390, '2017-10-02 21:22:19', 98, 29.13, 114345, 150000, 2.33436, 0, 0, 0, 0, 0, 0, 0, 0),
(751, 6, 20, 48080, '2017-10-02 12:18:40', 48104, '2017-10-02 18:27:16', 24, 21.35, 48099, 110000, 2.62295, 0, 0, 0, 0, 0, 0, 0, 0),
(752, 7, 9, 148546, '2017-10-02 12:19:19', 148592, '2017-10-02 18:31:31', 46, 29.12, 148568, 150000, 2.54121, 0, 0, 0, 0, 0, 0, 0, 0),
(753, 11, 11, 536780, '2017-10-02 12:38:50', 536805, '2017-10-02 17:42:21', 25, 0, 0, 0, 0, 0, 0, 0, 0, 0, 0, 0, 0),
(754, 12, 15, 19550, '2017-10-02 12:39:19', 19577, '2017-10-02 15:13:20', 27, 0, 0, 0, 0, 0, 0, 0, 0, 0, 0, 0, 0),
(755, 16, 13, 209749, '2017-10-02 15:27:35', 209786, '2017-10-02 19:09:53', 37, 0, 0, 0, 0, 0, 0, 0, 0, 0, 0, 0, 0),
(756, 11, 11, 536805, '2017-10-02 17:52:25', 536874, '2017-10-03 00:06:22', 69, 23.3, 536815, 120000, 4.20601, 0, 0, 0, 0, 0, 0, 0, 0),
(757, 6, 10, 48104, '2017-10-03 06:09:49', 48230, '2017-10-03 18:32:36', 126, 29.13, 48155, 150000, 4.32544, 0, 0, 0, 0, 0, 0, 0, 0),
(758, 12, 15, 19577, '2017-10-03 09:00:27', 19596, '2017-10-03 10:51:05', 19, 0, 0, 0, 0, 0, 0, 0, 0, 0, 0, 0, 0),
(759, 10, 16, 70113, '2017-10-03 09:20:53', 70501, '2017-10-06 15:29:16', 388, 39.81, 70302, 205000, 4.89827, 26.214, 70497, 135000, 8.85023, 0, 0, 0, 0),
(760, 8, 11, 114390, '2017-10-03 09:57:00', 114423, '2017-10-03 14:26:25', 33, 9.7, 114413, 50000, 8.76289, 0, 0, 0, 0, 0, 0, 0, 0),
(761, 7, 9, 148593, '2017-10-03 10:18:19', 148658, '2017-10-03 16:45:01', 65, 29.12, 148642, 150000, 1.03022, 0, 0, 0, 0, 0, 0, 0, 0),
(762, 11, 20, 536874, '2017-10-03 10:59:44', 536931, '2017-10-03 18:32:59', 57, 21.35, 536913, 110000, 2.66979, 0, 0, 0, 0, 0, 0, 0, 0),
(763, 12, 15, 19596, '2017-10-03 12:43:13', 19633, '2017-10-03 16:40:30', 37, 0, 0, 0, 0, 0, 0, 0, 0, 0, 0, 0, 0),
(764, 16, 13, 209786, '2017-10-03 14:07:37', 209810, '2017-10-03 16:22:34', 24, 10.69, 209805, 80000, 12.4415, 0, 0, 0, 0, 0, 0, 0, 0),
(765, 16, 13, 209810, '2017-10-03 17:19:30', 209840, '2017-10-03 19:00:34', 30, 0, 0, 0, 0, 0, 0, 0, 0, 0, 0, 0, 0),
(766, 6, 11, 48231, '2017-10-04 02:22:33', 48310, '2017-10-04 13:48:32', 79, 34.62, 48281, 178000, 2.97516, 0, 0, 0, 0, 0, 0, 0, 0),
(767, 11, 20, 536931, '2017-10-04 07:10:08', 537055, '2017-10-04 17:35:34', 124, 19.41, 536970, 100000, 12.0556, 0, 0, 0, 0, 0, 0, 0, 0),
(768, 8, 10, 114423, '2017-10-04 07:18:19', 114590, '2017-10-04 20:21:33', 167, 38.83, 114498, 200000, 3.57971, 0, 0, 0, 0, 0, 0, 0, 0),
(769, 7, 9, 148658, '2017-10-04 09:08:30', 148727, '2017-10-04 17:42:41', 69, 29.12, 148672, 150000, 4.94506, 0, 0, 0, 0, 0, 0, 0, 0),
(770, 12, 15, 19633, '2017-10-04 10:41:30', 19660, '2017-10-04 12:45:14', 27, 0, 0, 0, 0, 0, 0, 0, 0, 0, 0, 0, 0),
(771, 12, 15, 19660, '2017-10-04 13:56:21', 19695, '2017-10-04 16:51:14', 35, 0, 0, 0, 0, 0, 0, 0, 0, 0, 0, 0, 0),
(772, 16, 11, 209840, '2017-10-04 16:07:54', 209856, '2017-10-04 17:56:20', 16, 0, 0, 0, 0, 0, 0, 0, 0, 0, 0, 0, 0),
(773, 6, 11, 48310, '2017-10-05 04:38:55', 48400, '2017-10-05 12:26:20', 90, 19.41, 48384, 100000, 3.45183, 0, 0, 0, 0, 0, 0, 0, 0),
(774, 11, 20, 537055, '2017-10-05 06:54:41', 537257, '2017-10-05 19:19:05', 202, 38.83, 537204, 200000, 3.75998, 0, 0, 0, 0, 0, 0, 0, 0),
(775, 7, 10, 148727, '2017-10-05 07:47:15', 148868, '2017-10-05 18:42:54', 141, 38.84, 148816, 200000, 3.862, 0, 0, 0, 0, 0, 0, 0, 0),
(776, 8, 9, 114590, '2017-10-05 07:48:08', 114661, '2017-10-05 17:58:38', 71, 19.41, 114637, 100000, 2.47295, 0, 0, 0, 0, 0, 0, 0, 0),
(777, 16, 13, 209856, '2017-10-05 11:46:12', 209884, '2017-10-05 14:03:25', 28, 0, 0, 0, 0, 0, 0, 0, 0, 0, 0, 0, 0),
(778, 16, 13, 209884, '2017-10-05 14:52:34', 209898, '2017-10-05 16:05:07', 14, 0, 0, 0, 0, 0, 0, 0, 0, 0, 0, 0, 0),
(779, 16, 13, 209898, '2017-10-05 16:42:31', 209934, '2017-10-05 19:27:24', 36, 0, 0, 0, 0, 0, 0, 0, 0, 0, 0, 0, 0),
(780, 7, 10, 148868, '2017-10-06 06:56:44', 148984, '2017-10-06 18:48:16', 116, 29.12, 148966, 150000, 1.23626, 0, 0, 0, 0, 0, 0, 0, 0),
(781, 11, 20, 537257, '2017-10-06 06:58:56', 537354, '2017-10-06 18:55:45', 97, 19.41, 537350, 100000, 1.18496, 0, 0, 0, 0, 0, 0, 0, 0),
(782, 12, 15, 19695, '2017-10-06 08:23:19', 19718, '2017-10-06 15:29:49', 23, 0, 0, 0, 0, 0, 0, 0, 0, 0, 0, 0, 0),
(783, 8, 9, 114661, '2017-10-06 09:18:10', 114719, '2017-10-06 18:23:52', 58, 38.83, 114685, 200000, 1.62246, 0, 0, 0, 0, 0, 0, 0, 0),
(784, 12, 15, 19718, '2017-10-06 15:42:00', 19732, '2017-10-06 17:11:19', 14, 0, 0, 0, 0, 0, 0, 0, 0, 0, 0, 0, 0),
(785, 16, 13, 209934, '2017-10-06 16:48:52', 209970, '2017-10-06 19:26:02', 36, 4.66, 209938, 35000, 25.1, 0, 0, 0, 0, 0, 0, 0, 0),
(786, 6, 10, 48400, '2017-10-07 06:32:32', 48500, '2017-10-07 17:58:31', 100, 29.13, 48451, 150000, 3.39856, 0, 0, 0, 0, 0, 0, 0, 0),
(787, 12, 15, 19733, '2017-10-07 10:06:38', 19754, '2017-10-07 11:40:46', 21, 0, 0, 0, 0, 0, 0, 0, 0, 0, 0, 0, 0),
(788, 7, 11, 148984, '2017-10-07 10:11:06', 149055, '2017-10-07 15:48:07', 71, 19.42, 149002, 100000, 7.56952, 0, 0, 0, 0, 0, 0, 0, 0),
(789, 14, 18, 59828, '2017-10-07 11:05:23', 59897, '2017-10-07 15:59:27', 69, 0, 0, 0, 0, 0, 0, 0, 0, 0, 0, 0, 0),
(790, 11, 20, 537354, '2017-10-07 11:07:27', 537398, '2017-10-07 18:08:14', 44, 23.3, 537373, 120000, 2.7897, 0, 0, 0, 0, 0, 0, 0, 0),
(791, 8, 9, 114720, '2017-10-07 11:30:41', 114754, '2017-10-07 18:07:37', 34, 29.12, 114748, 150000, 1.30495, 0, 0, 0, 0, 0, 0, 0, 0),
(792, 12, 15, 19754, '2017-10-07 13:54:21', 19770, '2017-10-07 15:20:59', 16, 0, 0, 0, 0, 0, 0, 0, 0, 0, 0, 0, 0),
(793, 16, 11, 209970, '2017-10-07 15:51:23', 210011, '2017-10-07 19:28:57', 41, 12.12, 210055, 100000, 4.29, 0, 0, 0, 0, 0, 0, 0, 0),
(794, 14, 18, 59898, '2017-10-09 09:42:30', 60368, '2017-10-13 17:56:47', 470, 48.55, 60190, 250000, 3.58393, 19.417, 60364, 100000, 17.8709, 0, 0, 0, 0),
(795, 10, 16, 70501, '2017-10-09 09:54:38', 70762, '2017-10-12 16:46:48', 261, 43.67, 70729, 224901, 8.44974, 0, 0, 0, 0, 0, 0, 0, 0),
(796, 7, 10, 149055, '2017-10-09 11:26:37', 149166, '2017-10-09 18:12:32', 111, 9.7, 149149, 50000, 6.70103, 0, 0, 0, 0, 0, 0, 0, 0),
(797, 8, 9, 114761, '2017-10-09 11:37:04', 114813, '2017-10-09 18:12:53', 52, 19.43, 114786, 100000, 2.05867, 0, 0, 0, 0, 0, 0, 0, 0),
(798, 6, 20, 48501, '2017-10-09 11:39:34', 48554, '2017-10-09 17:34:14', 53, 19.41, 48550, 100000, 0.978877, 0, 0, 0, 0, 0, 0, 0, 0),
(799, 11, 11, 537398, '2017-10-09 11:48:57', 537412, '2017-10-09 14:36:40', 14, 0, 0, 0, 0, 0, 0, 0, 0, 0, 0, 0, 0),
(800, 11, 11, 537412, '2017-10-09 16:32:05', 537429, '2017-10-09 17:54:08', 17, 0, 0, 0, 0, 0, 0, 0, 0, 0, 0, 0, 0),
(801, 7, 10, 149166, '2017-10-10 06:41:00', 149280, '2017-10-10 16:53:54', 114, 38.84, 149214, 200000, 4.73738, 0, 0, 0, 0, 0, 0, 0, 0),
(802, 11, 20, 537429, '2017-10-10 06:52:24', 537488, '2017-10-10 16:37:26', 59, 19.41, 537438, 100000, 4.63679, 0, 0, 0, 0, 0, 0, 0, 0),
(803, 8, 9, 114814, '2017-10-10 10:27:23', 114839, '2017-10-10 14:51:05', 25, 19.42, 114826, 100000, 2.26571, 0, 0, 0, 0, 0, 0, 0, 0),
(804, 16, 11, 210011, '2017-10-10 10:30:34', 210028, '2017-10-10 13:47:18', 17, 0, 0, 0, 0, 0, 0, 0, 0, 0, 0, 0, 0),
(805, 16, 11, 210028, '2017-10-10 15:37:26', 210057, '2017-10-10 19:16:20', 29, 0, 0, 0, 0, 0, 0, 0, 0, 0, 0, 0, 0),
(806, 6, 20, 48554, '2017-10-11 06:12:59', 48668, '2017-10-12 10:30:56', 114, 25.25, 48569, 130000, 13.1089, 0, 0, 0, 0, 0, 0, 0, 0),
(807, 7, 10, 149281, '2017-10-11 08:21:49', 149447, '2017-10-12 10:29:43', 166, 38.84, 149398, 200000, 7.3378, 0, 0, 0, 0, 0, 0, 0, 0),
(808, 8, 9, 114839, '2017-10-11 10:09:25', 114879, '2017-10-12 10:30:27', 40, 19.41, 114870, 100000, 1.64863, 0, 0, 0, 0, 0, 0, 0, 0),
(809, 16, 13, 210057, '2017-10-11 10:12:58', 210071, '2017-10-11 11:29:56', 14, 0, 0, 0, 0, 0, 0, 0, 0, 0, 0, 0, 0),
(810, 16, 13, 210071, '2017-10-11 16:42:26', 210103, '2017-10-11 20:10:54', 32, 0, 0, 0, 0, 0, 0, 0, 0, 0, 0, 0, 0),
(811, 7, 10, 149447, '2017-10-12 10:32:42', 149619, '2017-10-12 21:04:00', 172, 0, 0, 0, 0, 0, 0, 0, 0, 0, 0, 0, 0),
(812, 8, 9, 114880, '2017-10-12 10:33:33', 114910, '2017-10-12 17:50:32', 30, 9.7, 114902, 50000, 3.09278, 0, 0, 0, 0, 0, 0, 0, 0),
(813, 6, 20, 48668, '2017-10-12 10:34:20', 48736, '2017-10-12 18:29:39', 68, 0, 0, 0, 0, 0, 0, 0, 0, 0, 0, 0, 0),
(814, 16, 13, 210103, '2017-10-12 10:50:00', 210140, '2017-10-12 13:32:07', 37, 13.33, 210107, 100000, 9.67742, 0, 0, 0, 0, 0, 0, 0, 0),
(815, 16, 13, 210140, '2017-10-12 15:03:59', 210155, '2017-10-12 16:11:56', 15, 0, 0, 0, 0, 0, 0, 0, 0, 0, 0, 0, 0),
(816, 16, 13, 210155, '2017-10-12 17:18:11', 210183, '2017-10-12 19:59:23', 28, 0, 0, 0, 0, 0, 0, 0, 0, 0, 0, 0, 0),
(817, 6, 20, 48736, '2017-10-13 06:07:26', 48959, '2017-10-13 18:25:25', 223, 42.71, 48900, 220000, 2.50527, 0, 0, 0, 0, 0, 0, 0, 0),
(818, 7, 10, 149619, '2017-10-13 07:32:47', 149733, '2017-10-13 18:43:22', 114, 29.13, 149683, 150000, 2.54034, 0, 0, 0, 0, 0, 0, 0, 0),
(819, 8, 9, 114910, '2017-10-13 11:06:20', 114943, '2017-10-13 18:25:59', 33, 29.12, 114932, 150000, 1.44231, 0, 0, 0, 0, 0, 0, 0, 0),
(820, 16, 13, 210183, '2017-10-13 11:38:49', 210231, '2017-10-13 14:43:46', 48, 0, 0, 0, 0, 0, 0, 0, 0, 0, 0, 0, 0),
(821, 12, 15, 19770, '2017-10-13 12:44:53', 19792, '2017-10-13 14:25:32', 22, 6.6, 19775, 50000, 0, 0, 0, 0, 0, 0, 0, 0, 0),
(822, 12, 15, 19792, '2017-10-13 15:58:27', 19809, '2017-10-13 17:14:56', 17, 0, 0, 0, 0, 0, 0, 0, 0, 0, 0, 0, 0),
(823, 6, 10, 48960, '2017-10-14 06:31:46', 49058, '2017-10-14 16:53:18', 98, 29.13, 49007, 150000, 3.53587, 0, 0, 0, 0, 0, 0, 0, 0),
(824, 8, 9, 114943, '2017-10-14 10:23:19', 114974, '2017-10-14 19:49:40', 31, 19.41, 114974, 100000, 0.669758, 0, 0, 0, 0, 0, 0, 0, 0),
(825, 7, 20, 149733, '2017-10-14 10:34:16', 149761, '2017-10-14 15:06:43', 28, 23.3, 149757, 120000, 3.04721, 0, 0, 0, 0, 0, 0, 0, 0),
(826, 16, 18, 210231, '2017-10-14 10:37:01', 210307, '2017-10-14 14:36:46', 76, 22.9, 210236, 150000, 10.8297, 0, 0, 0, 0, 0, 0, 0, 0),
(827, 12, 15, 19810, '2017-10-14 10:50:51', 19830, '2017-10-14 12:55:06', 20, 0, 0, 0, 0, 0, 0, 0, 0, 0, 0, 0, 0),
(828, 16, 9, 210307, '2017-10-14 14:59:13', 210348, '2017-10-14 19:43:18', 41, 0, 0, 0, 0, 0, 0, 0, 0, 0, 0, 0, 0),
(829, 10, 16, 70762, '2017-10-16 09:39:48', 71351, '2017-10-20 14:36:26', 589, 52.13, 71098, 268500, 4.4696, 44.66, 71331, 230000, 6.91894, 0, 0, 0, 0),
(830, 14, 18, 60368, '2017-10-16 09:55:53', 60875, '2017-10-20 19:30:26', 507, 48.54, 60711, 250000, 3.15204, 19.41, 60864, 100000, 17.8774, 0, 0, 0, 0),
(831, 7, 10, 149761, '2017-10-16 10:56:56', 149878, '2017-10-16 17:20:10', 117, 23.31, 149828, 120000, 3.8181, 0, 0, 0, 0, 0, 0, 0, 0),
(832, 8, 9, 114974, '2017-10-16 11:03:49', 115039, '2017-10-16 17:35:38', 65, 29.12, 114987, 150000, 5.01374, 0, 0, 0, 0, 0, 0, 0, 0),
(833, 11, 20, 537488, '2017-10-16 11:09:58', 537531, '2017-10-16 17:42:10', 43, 21.35, 537528, 110000, 1.73302, 0, 0, 0, 0, 0, 0, 0, 0),
(834, 16, 11, 210348, '2017-10-16 11:14:47', 210361, '2017-10-16 13:18:34', 13, 0, 0, 0, 0, 0, 0, 0, 0, 0, 0, 0, 0),
(835, 16, 11, 210361, '2017-10-16 14:56:30', 210388, '2017-10-16 17:57:17', 27, 0, 0, 0, 0, 0, 0, 0, 0, 0, 0, 0, 0),
(836, 8, 20, 115039, '2017-10-16 20:12:01', 115231, '2017-10-17 16:59:18', 192, 38.83, 115133, 200000, 3.83724, 0, 0, 0, 0, 0, 0, 0, 0),
(837, 6, 10, 49059, '2017-10-17 07:39:30', 49146, '2017-10-17 16:21:39', 87, 19.41, 49110, 100000, 2.62751, 0, 0, 0, 0, 0, 0, 0, 0),
(838, 7, 9, 149878, '2017-10-17 10:25:36', 149938, '2017-10-17 16:34:44', 60, 29.12, 149917, 150000, 2.36951, 0, 0, 0, 0, 0, 0, 0, 0),
(839, 16, 13, 210388, '2017-10-17 10:40:28', 210415, '2017-10-17 12:28:23', 27, 0, 0, 0, 0, 0, 0, 0, 0, 0, 0, 0, 0),
(840, 11, 11, 537531, '2017-10-17 10:41:33', 537538, '2017-10-17 12:37:23', 7, 0, 0, 0, 0, 0, 0, 0, 0, 0, 0, 0, 0),
(841, 11, 11, 537538, '2017-10-17 15:03:44', 537566, '2017-10-17 18:06:26', 28, 13.59, 537565, 70000, 6.54893, 0, 0, 0, 0, 0, 0, 0, 0),
(842, 6, 20, 49146, '2017-10-18 06:09:06', 49211, '2017-10-18 21:29:47', 65, 25.25, 49161, 130000, 2.93069, 0, 0, 0, 0, 0, 0, 0, 0),
(843, 7, 10, 149938, '2017-10-18 07:37:48', 150091, '2017-10-18 18:54:13', 153, 34.96, 149986, 180000, 4.43364, 0, 0, 0, 0, 0, 0, 0, 0),
(844, 8, 9, 115231, '2017-10-18 09:38:32', 115286, '2017-10-18 18:05:41', 55, 29.12, 115282, 150000, 2.26648, 0, 0, 0, 0, 0, 0, 0, 0),
(845, 16, 11, 210415, '2017-10-18 09:56:45', 210440, '2017-10-18 11:40:38', 25, 0, 0, 0, 0, 0, 0, 0, 0, 0, 0, 0, 0),
(846, 11, 11, 537566, '2017-10-18 13:38:27', 537598, '2017-10-18 16:30:16', 32, 0, 0, 0, 0, 0, 0, 0, 0, 0, 0, 0, 0),
(847, 16, 13, 210440, '2017-10-18 16:07:51', 210483, '2017-10-18 18:58:23', 43, 0, 0, 0, 0, 0, 0, 0, 0, 0, 0, 0, 0),
(848, 11, 20, 537598, '2017-10-19 06:19:16', 537808, '2017-10-19 19:56:19', 210, 38.83, 537654, 200000, 4.04327, 0, 0, 0, 0, 0, 0, 0, 0),
(849, 7, 10, 150091, '2017-10-19 07:13:45', 150262, '2017-10-19 18:06:43', 171, 38.84, 150141, 200000, 4.81462, 0, 0, 0, 0, 0, 0, 0, 0),
(850, 16, 11, 210483, '2017-10-19 09:00:18', 210566, '2017-10-19 13:00:03', 83, 8.2, 210484, 100000, 43.4146, 0, 0, 0, 0, 0, 0, 0, 0),
(851, 8, 9, 115286, '2017-10-19 09:21:12', 115349, '2017-10-19 16:47:21', 63, 19.41, 115348, 100000, 0.618238, 0, 0, 0, 0, 0, 0, 0, 0),
(852, 16, 11, 210566, '2017-10-19 14:40:09', 210602, '2017-10-19 17:27:27', 36, 0, 0, 0, 0, 0, 0, 0, 0, 0, 0, 0, 0),
(853, 7, 10, 150262, '2017-10-20 07:52:15', 150380, '2017-10-20 18:21:36', 118, 34.96, 150328, 180000, 2.97483, 0, 0, 0, 0, 0, 0, 0, 0),
(854, 6, 11, 49211, '2017-10-20 08:25:24', 49237, '2017-10-20 12:08:30', 26, 13.59, 49235, 70000, 1.3245, 0, 0, 0, 0, 0, 0, 0, 0),
(855, 8, 9, 115349, '2017-10-20 09:27:24', 115399, '2017-10-20 17:43:14', 50, 29.12, 115360, 150000, 2.33516, 0, 0, 0, 0, 0, 0, 0, 0),
(856, 11, 20, 537808, '2017-10-20 09:28:47', 537918, '2017-10-20 18:58:35', 110, 17.47, 537811, 90000, 7.32685, 0, 0, 0, 0, 0, 0, 0, 0),
(857, 16, 13, 210602, '2017-10-20 10:03:32', 210623, '2017-10-20 11:12:32', 21, 0, 0, 0, 0, 0, 0, 0, 0, 0, 0, 0, 0),
(858, 16, 11, 210623, '2017-10-20 16:04:46', 210653, '2017-10-20 18:49:02', 30, 0, 0, 0, 0, 0, 0, 0, 0, 0, 0, 0, 0),
(859, 6, 20, 49237, '2017-10-21 06:10:20', 49305, '2017-10-21 17:29:05', 68, 27.18, 49253, 140000, 3.53201, 0, 0, 0, 0, 0, 0, 0, 0),
(860, 7, 10, 150380, '2017-10-21 08:03:23', 150490, '2017-10-21 16:58:08', 110, 29.12, 150432, 150000, 3.84615, 0, 0, 0, 0, 0, 0, 0, 0),
(861, 10, 16, 71351, '2017-10-21 09:01:57', 71371, '2017-10-21 11:52:09', 20, 0, 0, 0, 0, 0, 0, 0, 0, 0, 0, 0, 0),
(862, 16, 11, 210653, '2017-10-21 09:16:04', 210682, '2017-10-21 15:58:38', 29, 0, 0, 0, 0, 0, 0, 0, 0, 0, 0, 0, 0),
(863, 8, 9, 115400, '2017-10-21 10:15:59', 115455, '2017-10-21 16:58:35', 55, 19.41, 115428, 150000, 5.10046, 0, 0, 0, 0, 0, 0, 0, 0),
(864, 11, 11, 537918, '2017-10-21 13:59:15', 537954, '2017-10-21 18:02:40', 36, 19.41, 537939, 100000, 3.65791, 0, 0, 0, 0, 0, 0, 0, 0),
(865, 16, 13, 210682, '2017-10-22 07:09:13', 210772, '2017-10-23 15:18:46', 90, 0, 0, 0, 0, 0, 0, 0, 0, 0, 0, 0, 0),
(866, 8, 11, 115455, '2017-10-22 07:09:45', 115483, '2017-10-23 15:16:12', 28, 0, 0, 0, 0, 0, 0, 0, 0, 0, 0, 0, 0),
(867, 14, 18, 60875, '2017-10-23 15:21:27', 61333, '2017-10-27 17:50:20', 458, 45.55, 61211, 250000, 2.59056, 19.417, 61329, 100000, 17.5104, 0, 0, 0, 0),
(868, 16, 11, 210772, '2017-10-23 15:22:11', 210794, '2017-10-23 15:22:31', 22, 0, 0, 0, 0, 0, 0, 0, 0, 0, 0, 0, 0),
(869, 6, 10, 49305, '2017-10-23 15:23:54', 49398, '2017-10-23 17:53:53', 93, 29.12, 49349, 150000, 2.74725, 0, 0, 0, 0, 0, 0, 0, 0),
(870, 7, 9, 150490, '2017-10-23 15:24:40', 150546, '2017-10-23 17:19:16', 56, 29.12, 150544, 150000, 3.19368, 0, 0, 0, 0, 0, 0, 0, 0),
(871, 11, 20, 537954, '2017-10-23 15:25:37', 538049, '2017-10-23 18:56:08', 95, 29.12, 538010, 150000, 3.64011, 0, 0, 0, 0, 0, 0, 0, 0),
(872, 16, 11, 210794, '2017-10-23 15:26:37', 210824, '2017-10-23 16:50:15', 30, 0, 0, 0, 0, 0, 0, 0, 0, 0, 0, 0, 0),
(873, 12, 15, 19831, '2017-10-23 17:11:01', 19863, '2017-10-23 18:28:07', 32, 0, 0, 0, 0, 0, 0, 0, 0, 0, 0, 0, 0),
(874, 16, 11, 210824, '2017-10-23 17:23:26', 210877, '2017-10-23 20:25:40', 53, 9.3, 210840, 70000, 5.26, 0, 0, 0, 0, 0, 0, 0, 0),
(875, 7, 10, 150546, '2017-10-24 06:53:39', 150647, '2017-10-24 18:20:04', 101, 29.12, 150637, 150000, 2.06044, 0, 0, 0, 0, 0, 0, 0, 0),
(876, 8, 9, 115483, '2017-10-24 08:59:43', 115533, '2017-10-24 16:40:41', 50, 29.12, 115527, 150000, 1.03022, 0, 0, 0, 0, 0, 0, 0, 0),
(877, 16, 13, 210877, '2017-10-24 09:02:24', 211114, '2017-10-24 19:39:10', 237, 15.26, 210889, 100000, 16.25, 0, 0, 0, 0, 0, 0, 0, 0),
(878, 6, 20, 49398, '2017-10-24 09:39:46', 49489, '2017-10-24 16:36:26', 91, 19.41, 49429, 100000, 5.51262, 0, 0, 0, 0, 0, 0, 0, 0),
(879, 11, 11, 538049, '2017-10-24 10:37:10', 538069, '2017-10-24 13:23:54', 20, 0, 0, 0, 0, 0, 0, 0, 0, 0, 0, 0, 0),
(880, 11, 11, 538069, '2017-10-24 15:03:01', 538099, '2017-10-24 18:10:16', 30, 0, 0, 0, 0, 0, 0, 0, 0, 0, 0, 0, 0),
(881, 7, 10, 150647, '2017-10-25 06:52:57', 150805, '2017-10-25 20:00:47', 158, 34.96, 150697, 180000, 6.37872, 0, 0, 0, 0, 0, 0, 0, 0),
(882, 10, 16, 71371, '2017-10-25 09:00:45', 71739, '2017-10-27 15:41:07', 368, 52.428, 71640, 270000, 5.91287, 0, 0, 0, 0, 0, 0, 0, 0),
(883, 16, 11, 211114, '2017-10-25 09:08:22', 211122, '2017-10-25 10:08:45', 8, 0, 0, 0, 0, 0, 0, 0, 0, 0, 0, 0, 0),
(884, 11, 20, 538099, '2017-10-25 09:23:35', 538146, '2017-10-25 16:02:01', 47, 19.41, 538116, 100000, 4.27615, 0, 0, 0, 0, 0, 0, 0, 0),
(885, 8, 9, 115533, '2017-10-25 09:33:57', 115563, '2017-10-25 15:14:09', 30, 23.3, 115557, 120000, 1.97425, 0, 0, 0, 0, 0, 0, 0, 0),
(886, 12, 15, 19865, '2017-10-25 10:35:33', 19879, '2017-10-25 11:22:23', 14, 0, 0, 0, 0, 0, 0, 0, 0, 0, 0, 0, 0),
(887, 16, 11, 211122, '2017-10-25 11:06:30', 211157, '2017-10-25 13:44:02', 35, 9.3, 211137, 70000, 10.7527, 0, 0, 0, 0, 0, 0, 0, 0),
(888, 16, 11, 211157, '2017-10-25 15:25:03', 211174, '2017-10-25 16:31:53', 17, 0, 0, 0, 0, 0, 0, 0, 0, 0, 0, 0, 0),
(889, 11, 20, 538146, '2017-10-26 06:16:57', 538342, '2017-10-26 19:37:32', 196, 38.83, 538199, 200000, 0, 0, 0, 0, 0, 0, 0, 0, 0),
(890, 7, 10, 150806, '2017-10-26 08:22:09', 150974, '2017-10-26 19:05:05', 168, 38.84, 150920, 200000, 3.862, 0, 0, 0, 0, 0, 0, 0, 0),
(891, 8, 9, 115563, '2017-10-26 09:35:45', 115604, '2017-10-26 17:19:41', 41, 19.41, 115603, 100000, 0.257599, 0, 0, 0, 0, 0, 0, 0, 0),
(892, 16, 11, 211174, '2017-10-26 11:39:27', 211196, '2017-10-26 14:20:19', 22, 0, 0, 0, 0, 0, 0, 0, 0, 0, 0, 0, 0),
(893, 16, 11, 211196, '2017-10-26 15:35:57', 211221, '2017-10-26 18:19:22', 25, 0, 0, 0, 0, 0, 0, 0, 0, 0, 0, 0, 0),
(894, 7, 10, 150974, '2017-10-27 07:32:56', 151087, '2017-10-27 19:37:33', 113, 38.83, 151070, 200000, 2.83286, 0, 0, 0, 0, 0, 0, 0, 0),
(895, 11, 20, 538342, '2017-10-27 07:33:38', 538389, '2017-10-27 16:24:24', 47, 19.41, 538368, 100000, 2.11231, 0, 0, 0, 0, 0, 0, 0, 0),
(896, 8, 9, 115604, '2017-10-27 09:01:25', 115636, '2017-10-27 16:35:50', 32, 15.5, 115608, 80000, 6.70968, 0, 0, 0, 0, 0, 0, 0, 0),
(897, 16, 11, 211221, '2017-10-27 11:36:58', 211249, '2017-10-27 14:25:00', 28, 9.3, 211237, 70000, 9.03226, 0, 0, 0, 0, 0, 0, 0, 0),
(898, 16, 11, 211249, '2017-10-27 15:48:38', 211288, '2017-10-27 18:43:54', 39, 0, 0, 0, 0, 0, 0, 0, 0, 0, 0, 0, 0),
(899, 8, 9, 115636, '2017-10-28 05:16:35', 115716, '2017-10-28 17:13:43', 80, 38.83, 115712, 200000, 0.309039, 0, 0, 0, 0, 0, 0, 0, 0),
(900, 11, 20, 538389, '2017-10-28 06:44:42', 538413, '2017-10-28 11:10:32', 24, 19.41, 538409, 100000, 2.31839, 0, 0, 0, 0, 0, 0, 0, 0),
(901, 7, 10, 151087, '2017-10-28 07:17:17', 151227, '2017-10-28 17:16:22', 140, 44.67, 151180, 230000, 2.955, 0, 0, 0, 0, 0, 0, 0, 0),
(905, 16, 11, 211288, '2017-10-28 10:01:14', 211304, '2017-10-28 11:47:04', 16, 0, 0, 0, 0, 0, 0, 0, 0, 0, 0, 0, 0),
(906, 16, 11, 211304, '2017-10-28 13:05:59', 211341, '2017-10-28 15:35:27', 37, 13.33, 211321, 100000, 8.70218, 0, 0, 0, 0, 0, 0, 0, 0),
(907, 10, 16, 71739, '2017-10-30 09:35:23', 72207, '2017-11-03 15:16:31', 468, 38.84, 71950, 200000, 5.30381, 37.43, 72156, 192800, 8.09511, 0, 0, 0, 0),
(908, 14, 18, 61333, '2017-10-30 09:42:20', 61805, '2017-11-03 19:01:42', 472, 48.54, 61669, 250000, 2.78121, 19.418, 61804, 100000, 17.5095, 0, 0, 0, 0),
(909, 11, 20, 538413, '2017-10-30 10:28:31', 538458, '2017-10-30 16:05:00', 45, 19.41, 538454, 100000, 3.45183, 0, 0, 0, 0, 0, 0, 0, 0),
(910, 7, 10, 151227, '2017-10-30 10:35:44', 151328, '2017-10-30 16:55:02', 101, 29.12, 151312, 150000, 2.33516, 0, 0, 0, 0, 0, 0, 0, 0),
(911, 8, 9, 115716, '2017-10-30 10:36:31', 115766, '2017-10-30 17:28:48', 50, 42.2, 115724, 217000, 2.96209, 0, 0, 0, 0, 0, 0, 0, 0),
(912, 16, 11, 211341, '2017-10-30 11:12:25', 211368, '2017-10-30 13:03:15', 27, 0, 0, 0, 0, 0, 0, 0, 0, 0, 0, 0, 0),
(913, 16, 11, 211368, '2017-10-30 15:33:43', 211406, '2017-10-30 19:21:28', 38, 0, 0, 0, 0, 0, 0, 0, 0, 0, 0, 0, 0),
(914, 11, 20, 538458, '2017-10-31 06:56:31', 538554, '2017-10-31 16:03:47', 96, 19.41, 538521, 100000, 5.77022, 0, 0, 0, 0, 0, 0, 0, 0),
(915, 8, 9, 115766, '2017-10-31 07:55:09', 115850, '2017-10-31 16:48:40', 84, 29.12, 115849, 150000, 1.03022, 0, 0, 0, 0, 0, 0, 0, 0),
(916, 7, 10, 151328, '2017-10-31 08:52:42', 151436, '2017-10-31 17:47:48', 108, 29.12, 151380, 150000, 5.42582, 0, 0, 0, 0, 0, 0, 0, 0),
(917, 16, 11, 211406, '2017-10-31 08:55:59', 211432, '2017-10-31 12:37:41', 26, 0, 0, 0, 0, 0, 0, 0, 0, 0, 0, 0, 0),
(918, 16, 11, 211432, '2017-10-31 14:36:31', 211433, '2017-10-31 15:00:49', 1, 0, 0, 0, 0, 0, 0, 0, 0, 0, 0, 0, 0),
(919, 12, 15, 19879, '2017-10-31 14:40:36', 19916, '2017-10-31 16:44:15', 37, 0, 0, 0, 0, 0, 0, 0, 0, 0, 0, 0, 0),
(920, 16, 11, 211433, '2017-10-31 16:22:06', 211457, '2017-10-31 18:23:56', 24, 13.33, 211437, 100000, 4.72618, 0, 0, 0, 0, 0, 0, 0, 0),
(921, 11, 20, 538554, '2017-10-31 17:02:41', 538577, '2017-10-31 18:45:05', 23, 0, 0, 0, 0, 0, 0, 0, 0, 0, 0, 0, 0),
(922, 6, 10, 49490, '2017-11-01 06:30:27', 49615, '2017-11-01 20:45:21', 125, 38.83, 49536, 200000, 6.02627, 0, 0, 0, 0, 0, 0, 0, 0),
(923, 7, 20, 151436, '2017-11-01 09:23:00', 151549, '2017-11-01 19:10:11', 113, 29.12, 151538, 150000, 4.94506, 0, 0, 0, 0, 0, 0, 0, 0),
(924, 8, 9, 115850, '2017-11-01 09:34:18', 115912, '2017-11-01 18:26:14', 62, 19.41, 115879, 100000, 2.93663, 0, 0, 0, 0, 0, 0, 0, 0),
(925, 11, 11, 538577, '2017-11-01 10:31:02', 538635, '2017-11-01 15:30:01', 58, 15.5, 538633, 80000, 6.3871, 0, 0, 0, 0, 0, 0, 0, 0),
(926, 16, 13, 211457, '2017-11-01 14:40:16', 211496, '2017-11-01 17:09:43', 39, 0, 0, 0, 0, 0, 0, 0, 0, 0, 0, 0, 0),
(927, 12, 15, 19916, '2017-11-01 14:59:12', 19919, '2017-11-01 15:24:24', 3, 0, 0, 0, 0, 0, 0, 0, 0, 0, 0, 0, 0),
(928, 6, 20, 49615, '2017-11-02 09:26:20', 49836, '2017-11-02 22:51:03', 221, 48.54, 49770, 250000, 2.20437, 0, 0, 0, 0, 0, 0, 0, 0),
(929, 7, 10, 151549, '2017-11-02 09:26:55', 151730, '2017-11-02 19:42:40', 181, 48.54, 151682, 250000, 2.20437, 0, 0, 0, 0, 0, 0, 0, 0),
(930, 8, 9, 115912, '2017-11-02 09:27:26', 115962, '2017-11-02 16:42:47', 50, 29.12, 115936, 150000, 1.54533, 0, 0, 0, 0, 0, 0, 0, 0),
(931, 11, 11, 538635, '2017-11-02 09:27:55', 538733, '2017-11-02 17:04:31', 98, 19.41, 538732, 100000, 5.40958, 0, 0, 0, 0, 0, 0, 0, 0),
(932, 12, 15, 19919, '2017-11-02 10:33:06', 19937, '2017-11-02 12:07:35', 18, 0, 0, 0, 0, 0, 0, 0, 0, 0, 0, 0, 0),
(933, 16, 13, 211496, '2017-11-02 12:12:06', 211520, '2017-11-02 15:09:04', 24, 6.66, 211500, 50000, 13.964, 0, 0, 0, 0, 0, 0, 0, 0),
(934, 16, 13, 211520, '2017-11-02 15:56:28', 211557, '2017-11-02 19:13:15', 37, 0, 0, 0, 0, 0, 0, 0, 0, 0, 0, 0, 0),
(935, 11, 20, 538733, '2017-11-03 06:45:37', 538841, '2017-11-03 18:44:56', 108, 29.12, 538837, 150000, 4.67033, 0, 0, 0, 0, 0, 0, 0, 0),
(936, 7, 10, 151730, '2017-11-03 07:42:01', 151843, '2017-11-03 19:04:55', 113, 29.12, 151789, 150000, 7.86401, 0, 0, 0, 0, 0, 0, 0, 0),
(937, 8, 9, 115962, '2017-11-03 08:36:31', 115999, '2017-11-03 17:17:17', 37, 19.41, 115981, 100000, 1.95775, 0, 0, 0, 0, 0, 0, 0, 0),
(938, 16, 11, 211557, '2017-11-03 14:17:16', 211595, '2017-11-03 18:29:51', 38, 9.3, 211593, 70000, 5.26882, 0, 0, 0, 0, 0, 0, 0, 0),
(939, 16, 11, 211595, '2017-11-03 18:56:22', 211624, '2017-11-03 20:41:44', 29, 0, 0, 0, 0, 0, 0, 0, 0, 0, 0, 0, 0),
(940, 11, 20, 538841, '2017-11-04 06:51:29', 538977, '2017-11-04 16:37:50', 136, 29.12, 538973, 150000, 2.40385, 0, 0, 0, 0, 0, 0, 0, 0),
(941, 7, 10, 151843, '2017-11-04 07:01:30', 151969, '2017-11-04 17:36:13', 126, 0, 0, 0, 0, 0, 0, 0, 0, 0, 0, 0, 0),
(942, 8, 9, 115999, '2017-11-04 08:46:01', 116043, '2017-11-04 16:42:03', 44, 19.41, 116019, 100000, 4.84286, 0, 0, 0, 0, 0, 0, 0, 0),
(943, 6, 11, 49837, '2017-11-04 09:27:44', 49856, '2017-11-04 11:57:15', 19, 0, 0, 0, 0, 0, 0, 0, 0, 0, 0, 0, 0),
(944, 16, 13, 211624, '2017-11-04 09:51:50', 211640, '2017-11-04 12:06:51', 16, 0, 0, 0, 0, 0, 0, 0, 0, 0, 0, 0, 0),
(945, 14, 18, 61805, '2017-11-06 08:47:06', 62247, '2017-11-10 17:57:39', 442, 48.544, 62144, 250000, 2.05999, 19.418, 62244, 100000, 17.458, 0, 0, 0, 0),
(946, 7, 10, 151969, '2017-11-06 09:08:07', 152061, '2017-11-06 14:43:02', 92, 48.54, 152018, 250000, 1.91595, 0, 0, 0, 0, 0, 0, 0, 0),
(947, 10, 16, 72207, '2017-11-06 10:27:25', 72617, '2017-11-10 16:22:08', 410, 33, 72459, 170000, 0.969697, 34.93, 72491, 180000, 13.799, 0, 0, 0, 0),
(948, 8, 9, 116043, '2017-11-06 11:12:45', 116069, '2017-11-06 14:40:41', 26, 0, 0, 0, 0, 0, 0, 0, 0, 0, 0, 0, 0),
(949, 6, 20, 49858, '2017-11-06 11:27:35', 49962, '2017-11-07 07:52:21', 104, 18.9, 49877, 97300, 4.44444, 13.59, 49961, 70000, 4.19426, 0, 0, 0, 0),
(950, 11, 11, 538977, '2017-11-06 11:43:30', 539008, '2017-11-06 14:16:43', 31, 0, 0, 0, 0, 0, 0, 0, 0, 0, 0, 0, 0),
(951, 16, 13, 211640, '2017-11-06 13:35:20', 211661, '2017-11-06 14:46:05', 21, 6.55, 211642, 50000, 9.77099, 0, 0, 0, 0, 0, 0, 0, 0),
(952, 11, 11, 539008, '2017-11-06 15:31:41', 539102, '2017-11-07 00:27:41', 94, 19.41, 539043, 100000, 4.22463, 0, 0, 0, 0, 0, 0, 0, 0),
(953, 8, 9, 116069, '2017-11-06 16:03:57', 116096, '2017-11-06 17:25:44', 27, 0, 0, 0, 0, 0, 0, 0, 0, 0, 0, 0, 0),
(954, 7, 10, 152061, '2017-11-07 06:07:17', 152161, '2017-11-07 16:08:32', 100, 29.12, 152111, 150000, 6.73077, 0, 0, 0, 0, 0, 0, 0, 0),
(955, 8, 9, 116096, '2017-11-07 09:30:07', 116152, '2017-11-07 17:46:28', 56, 29.12, 116113, 150000, 2.47253, 0, 0, 0, 0, 0, 0, 0, 0),
(956, 11, 20, 539102, '2017-11-07 10:12:16', 539148, '2017-11-07 16:03:46', 46, 19.41, 539125, 100000, 4.6883, 0, 0, 0, 0, 0, 0, 0, 0),
(957, 16, 11, 211661, '2017-11-07 10:21:25', 211682, '2017-11-07 12:34:44', 21, 0, 0, 0, 0, 0, 0, 0, 0, 0, 0, 0, 0),
(958, 16, 11, 211682, '2017-11-07 13:50:04', 211720, '2017-11-07 18:55:23', 38, 9.3, 211706, 70000, 2.25806, 0, 0, 0, 0, 0, 0, 0, 0),
(959, 11, 20, 539148, '2017-11-07 17:05:48', 539177, '2017-11-07 18:46:39', 29, 0, 0, 0, 0, 0, 0, 0, 0, 0, 0, 0, 0),
(960, 6, 20, 49962, '2017-11-08 05:52:42', 50038, '2017-11-08 18:41:54', 76, 31, 50018, 160000, 2.6129, 0, 0, 0, 0, 0, 0, 0, 0),
(961, 16, 13, 211720, '2017-11-08 05:57:26', 211815, '2017-11-09 20:06:05', 95, 17.33, 211727, 130000, 6.98211, 0, 0, 0, 0, 0, 0, 0, 0),
(962, 7, 10, 152162, '2017-11-08 07:31:18', 152324, '2017-11-08 18:52:48', 162, 33, 152307, 175000, 4.30303, 0, 0, 0, 0, 0, 0, 0, 0),
(963, 8, 11, 116152, '2017-11-08 10:14:09', 116178, '2017-11-08 14:51:32', 26, 0, 0, 0, 0, 0, 0, 0, 0, 0, 0, 0, 0),
(964, 11, 11, 539177, '2017-11-08 15:18:09', 539206, '2017-11-08 18:18:52', 29, 0, 0, 0, 0, 0, 0, 0, 0, 0, 0, 0, 0),
(965, 7, 10, 152324, '2017-11-09 06:37:20', 152498, '2017-11-09 19:24:51', 174, 48.54, 152449, 250000, 3.46106, 0, 0, 0, 0, 0, 0, 0, 0),
(966, 8, 9, 116178, '2017-11-09 09:44:12', 116224, '2017-11-09 16:31:58', 46, 29.12, 116185, 150000, 1.92308, 0, 0, 0, 0, 0, 0, 0, 0),
(967, 6, 20, 50038, '2017-11-09 10:08:45', 50260, '2017-11-09 21:08:22', 222, 38.83, 50099, 200000, 4.24929, 0, 0, 0, 0, 0, 0, 0, 0),
(968, 11, 11, 539206, '2017-11-09 12:21:26', 539227, '2017-11-09 15:54:53', 21, 13.33, 539216, 70000, 8.70218, 0, 0, 0, 0, 0, 0, 0, 0),
(969, 11, 11, 539227, '2017-11-09 15:55:58', 539258, '2017-11-09 18:02:09', 31, 0, 0, 0, 0, 0, 0, 0, 0, 0, 0, 0, 0),
(970, 11, 11, 539258, '2017-11-09 18:26:26', 539281, '2017-11-09 19:58:01', 23, 0, 0, 0, 0, 0, 0, 0, 0, 0, 0, 0, 0),
(971, 7, 10, 152498, '2017-11-10 07:46:19', 152628, '2017-11-10 20:07:46', 130, 38.83, 152617, 200000, 3.70847, 0, 0, 0, 0, 0, 0, 0, 0),
(972, 6, 20, 50260, '2017-11-10 09:47:42', 50318, '2017-11-10 17:32:48', 58, 29.12, 50264, 150000, 5.18544, 0, 0, 0, 0, 0, 0, 0, 0),
(974, 8, 9, 116224, '2017-11-10 09:57:01', 116262, '2017-11-10 16:16:50', 38, 29.12, 116241, 150000, 1.51099, 0, 0, 0, 0, 0, 0, 0, 0),
(975, 11, 11, 539281, '2017-11-10 09:58:05', 539287, '2017-11-10 10:37:54', 6, 0, 0, 0, 0, 0, 0, 0, 0, 0, 0, 0, 0),
(976, 11, 11, 539287, '2017-11-10 14:10:37', 539335, '2017-11-10 17:01:38', 48, 13.59, 539332, 70000, 2.42826, 0, 0, 0, 0, 0, 0, 0, 0),
(977, 16, 13, 211815, '2017-11-10 17:15:38', 211831, '2017-11-10 17:16:03', 16, 0, 0, 0, 0, 0, 0, 0, 0, 0, 0, 0, 0),
(978, 11, 20, 539335, '2017-11-11 06:27:37', 539370, '2017-11-11 13:35:00', 35, 21.35, 539365, 110000, 3.18501, 0, 0, 0, 0, 0, 0, 0, 0),
(979, 6, 10, 50318, '2017-11-11 07:07:39', 50430, '2017-11-11 19:06:00', 112, 29.12, 50415, 150000, 3.94918, 0, 0, 0, 0, 0, 0, 0, 0),
(980, 8, 9, 116262, '2017-11-11 11:55:12', 116288, '2017-11-11 14:44:19', 26, 25.24, 116285, 130000, 0.713154, 0, 0, 0, 0, 0, 0, 0, 0),
(981, 16, 11, 211831, '2017-11-11 11:55:43', 211871, '2017-11-11 14:59:58', 40, 15.5, 211848, 100000, 19.2903, 0, 0, 0, 0, 0, 0, 0, 0),
(982, 11, 20, 539370, '2017-11-11 13:52:45', 539384, '2017-11-11 15:30:49', 14, 0, 0, 0, 0, 0, 0, 0, 0, 0, 0, 0, 0),
(983, 16, 13, 211871, '2017-11-11 15:18:14', 212082, '2017-11-13 09:35:27', 211, 0, 0, 0, 0, 0, 0, 0, 0, 0, 0, 0, 0),
(984, 7, 10, 152628, '2017-11-13 09:33:55', 152778, '2017-11-13 18:01:35', 150, 29.12, 152761, 150000, 5.5631, 0, 0, 0, 0, 0, 0, 0, 0),
(985, 10, 16, 72617, '2017-11-13 09:34:47', 73192, '2017-11-17 16:34:27', 575, 52.42, 72973, 270000, 3.75811, 47730, 73170, 245913, 0.0070815, 0, 0, 0, 0),
(986, 14, 18, 62247, '2017-11-13 09:49:12', 62707, '2017-11-17 18:51:33', 460, 48.54, 62583, 250000, 2.47219, 19.417, 62703, 100000, 18.489, 0, 0, 0, 0),
(987, 11, 20, 539384, '2017-11-13 10:33:55', 539452, '2017-11-13 15:22:30', 68, 19.41, 539433, 100000, 5.30654, 0, 0, 0, 0, 0, 0, 0, 0),
(988, 8, 9, 116288, '2017-11-13 11:04:01', 116345, '2017-11-13 17:53:22', 57, 29.12, 116303, 150000, 3.46841, 0, 0, 0, 0, 0, 0, 0, 0);
INSERT INTO `kilometer` (`id_km`, `id_mobil`, `id_peg`, `km_brkt`, `jam_brkt`, `km_plg`, `jam_plg`, `jarak_tempuh`, `solar_1`, `km_solar1`, `harga_solar1`, `rasio_solar1`, `solar_2`, `km_solar2`, `harga_solar2`, `rasio_solar2`, `solar_3`, `km_solar3`, `harga_solar3`, `rasio_solar3`) VALUES
(989, 16, 11, 212082, '2017-11-13 13:17:32', 212104, '2017-11-13 14:58:14', 22, 0, 0, 0, 0, 0, 0, 0, 0, 0, 0, 0, 0),
(990, 16, 11, 212104, '2017-11-13 15:37:32', 212148, '2017-11-13 19:12:54', 44, 9.3, 212147, 70000, 20.1075, 0, 0, 0, 0, 0, 0, 0, 0),
(991, 6, 10, 50430, '2017-11-14 06:27:13', 50531, '2017-11-14 19:35:57', 101, 38.83, 50530, 200000, 1.41643, 0, 0, 0, 0, 0, 0, 0, 0),
(992, 11, 20, 539452, '2017-11-14 08:36:17', 539570, '2017-11-14 18:02:09', 118, 29.12, 539536, 150000, 2.16346, 0, 0, 0, 0, 0, 0, 0, 0),
(993, 8, 9, 116345, '2017-11-14 09:18:01', 116405, '2017-11-14 15:40:48', 60, 19.41, 116404, 100000, 0.721278, 0, 0, 0, 0, 0, 0, 0, 0),
(994, 16, 11, 212149, '2017-11-14 10:41:19', 212182, '2017-11-14 13:52:51', 33, 0, 0, 0, 0, 0, 0, 0, 0, 0, 0, 0, 0),
(995, 16, 13, 212182, '2017-11-14 14:57:16', 212242, '2017-11-14 18:01:24', 60, 0, 0, 0, 0, 0, 0, 0, 0, 0, 0, 0, 0),
(996, 7, 11, 152778, '2017-11-14 15:29:05', 152797, '2017-11-14 17:33:22', 19, 0, 0, 0, 0, 0, 0, 0, 0, 0, 0, 0, 0),
(997, 7, 10, 152797, '2017-11-15 06:30:21', 152939, '2017-11-15 19:16:15', 142, 38.93, 152923, 200000, 1.61828, 0, 0, 0, 0, 0, 0, 0, 0),
(998, 11, 20, 539570, '2017-11-15 07:06:20', 539622, '2017-11-15 15:33:23', 52, 21.35, 539599, 110000, 7.96253, 0, 0, 0, 0, 0, 0, 0, 0),
(999, 16, 11, 212242, '2017-11-15 08:44:43', 212268, '2017-11-15 10:30:46', 26, 0, 0, 0, 0, 0, 0, 0, 0, 0, 0, 0, 0),
(1000, 8, 9, 116405, '2017-11-15 09:11:25', 116444, '2017-11-15 16:33:14', 39, 19.41, 116418, 100000, 3.76095, 0, 0, 0, 0, 0, 0, 0, 0),
(1001, 16, 13, 212268, '2017-11-15 11:26:03', 212285, '2017-11-15 12:41:47', 17, 0, 0, 0, 0, 0, 0, 0, 0, 0, 0, 0, 0),
(1002, 16, 11, 212285, '2017-11-15 13:10:40', 212301, '2017-11-15 14:47:58', 16, 0, 0, 0, 0, 0, 0, 0, 0, 0, 0, 0, 0),
(1003, 16, 11, 212301, '2017-11-15 15:56:30', 212335, '2017-11-15 19:13:20', 34, 13.33, 212334, 100000, 5.32633, 0, 0, 0, 0, 0, 0, 0, 0),
(1004, 11, 20, 539622, '2017-11-16 06:33:13', 539832, '2017-11-16 17:40:44', 210, 38.83, 539769, 200000, 0, 0, 0, 0, 0, 0, 0, 0, 0),
(1005, 7, 10, 152939, '2017-11-16 08:39:07', 153044, '2017-11-16 17:24:16', 105, 29.12, 152986, 150000, 2.50687, 0, 0, 0, 0, 0, 0, 0, 0),
(1006, 16, 13, 212336, '2017-11-16 08:40:01', 212364, '2017-11-16 10:10:06', 28, 0, 0, 0, 0, 0, 0, 0, 0, 0, 0, 0, 0),
(1007, 8, 9, 116444, '2017-11-16 08:47:12', 116494, '2017-11-16 17:32:30', 50, 19.41, 116491, 100000, 2.06079, 0, 0, 0, 0, 0, 0, 0, 0),
(1008, 16, 11, 212364, '2017-11-16 14:19:44', 212393, '2017-11-16 17:07:46', 29, 0, 0, 0, 0, 0, 0, 0, 0, 0, 0, 0, 0),
(1009, 16, 11, 212393, '2017-11-16 17:55:51', 212431, '2017-11-16 22:10:09', 38, 6.6, 212405, 50000, 8.18182, 0, 0, 0, 0, 0, 0, 0, 0),
(1010, 6, 10, 50532, '2017-11-17 06:44:12', 50642, '2017-11-17 19:13:47', 110, 38.83, 50585, 200000, 3.11615, 0, 0, 0, 0, 0, 0, 0, 0),
(1011, 11, 20, 539832, '2017-11-17 06:51:54', 0, '0000-00-00 00:00:00', 0, 0, 0, 0, 0, 0, 0, 0, 0, 0, 0, 0, 0),
(1012, 7, 20, 153044, '2017-11-17 07:35:27', 153164, '2017-11-17 18:27:31', 120, 19.41, 153059, 100000, 8.19165, 0, 0, 0, 0, 0, 0, 0, 0),
(1013, 8, 9, 116494, '2017-11-17 08:46:29', 116532, '2017-11-17 16:58:38', 38, 19.41, 116531, 100000, 2.16383, 0, 0, 0, 0, 0, 0, 0, 0),
(1014, 16, 11, 212431, '2017-11-17 11:55:06', 212454, '2017-11-17 13:40:32', 23, 0, 0, 0, 0, 0, 0, 0, 0, 0, 0, 0, 0),
(1015, 16, 11, 212454, '2017-11-17 16:47:00', 212493, '2017-11-17 19:46:46', 39, 6.6, 212459, 50000, 12.8788, 0, 0, 0, 0, 0, 0, 0, 0),
(1016, 7, 20, 153164, '2017-11-18 06:19:35', 153263, '2017-11-18 15:02:51', 99, 38.83, 153218, 200000, 2.62683, 0, 0, 0, 0, 0, 0, 0, 0),
(1017, 6, 10, 50642, '2017-11-18 06:20:13', 50710, '2017-11-20 08:57:26', 68, 38.83, 50706, 200000, 1.49369, 0, 0, 0, 0, 0, 0, 0, 0),
(1018, 16, 13, 212498, '2017-11-18 08:22:05', 212515, '2017-11-18 09:20:55', 17, 0, 0, 0, 0, 0, 0, 0, 0, 0, 0, 0, 0),
(1019, 8, 9, 116532, '2017-11-18 10:19:51', 116573, '2017-11-18 16:37:54', 41, 29.12, 116573, 150000, 2.0261, 0, 0, 0, 0, 0, 0, 0, 0),
(1020, 16, 11, 212515, '2017-11-18 12:31:19', 212554, '2017-11-18 15:34:37', 39, 10.68, 212544, 70000, 4.11985, 0, 0, 0, 0, 0, 0, 0, 0),
(1021, 14, 18, 62707, '2017-11-18 13:34:09', 62715, '2017-11-18 14:13:10', 8, 0, 0, 0, 0, 0, 0, 0, 0, 0, 0, 0, 0),
(1022, 14, 18, 62716, '2017-11-20 08:59:08', 63190, '2017-11-24 17:54:01', 474, 49.53, 63062, 255080, 2.34202, 19.41, 63178, 100000, 17.9289, 0, 0, 0, 0),
(1023, 7, 10, 153263, '2017-11-20 09:30:03', 153369, '2017-11-20 19:29:42', 106, 29.12, 153320, 150000, 5.39148, 0, 0, 0, 0, 0, 0, 0, 0),
(1024, 8, 9, 116574, '2017-11-20 10:01:55', 116635, '2017-11-20 16:47:12', 61, 19.41, 116632, 100000, 2.67903, 0, 0, 0, 0, 0, 0, 0, 0),
(1025, 16, 11, 212555, '2017-11-20 13:41:26', 212574, '2017-11-20 15:35:35', 19, 0, 0, 0, 0, 0, 0, 0, 0, 0, 0, 0, 0),
(1026, 16, 11, 212574, '2017-11-20 16:18:25', 212650, '2017-11-20 22:13:46', 76, 13.33, 212588, 100000, 11.4779, 0, 0, 0, 0, 0, 0, 0, 0),
(1027, 7, 10, 153369, '2017-11-21 07:00:29', 153527, '2017-11-21 18:36:00', 158, 48.54, 153477, 250000, 2.49279, 0, 0, 0, 0, 0, 0, 0, 0),
(1028, 16, 13, 212650, '2017-11-21 09:03:46', 212708, '2017-11-21 13:22:20', 58, 0, 0, 0, 0, 0, 0, 0, 0, 0, 0, 0, 0),
(1029, 12, 11, 19937, '2017-11-21 09:15:14', 19938, '2017-11-21 09:55:43', 1, 0, 0, 0, 0, 0, 0, 0, 0, 0, 0, 0, 0),
(1030, 10, 16, 73192, '2017-11-21 09:44:06', 73617, '2017-11-24 17:54:49', 425, 48.55, 73508, 250033, 2.14212, 21.359, 73612, 110000, 5.38415, 0, 0, 0, 0),
(1031, 8, 9, 116639, '2017-11-21 09:52:01', 116687, '2017-11-21 16:43:11', 48, 19.41, 116684, 100000, 3.45183, 0, 0, 0, 0, 0, 0, 0, 0),
(1032, 12, 11, 19938, '2017-11-21 10:18:32', 19965, '2017-11-21 11:54:00', 27, 0, 0, 0, 0, 0, 0, 0, 0, 0, 0, 0, 0),
(1033, 16, 11, 212708, '2017-11-21 15:22:03', 212743, '2017-11-21 18:41:14', 35, 10.68, 212741, 80000, 11.5169, 0, 0, 0, 0, 0, 0, 0, 0),
(1034, 8, 9, 116687, '2017-11-22 06:11:35', 116752, '2017-11-22 19:26:14', 65, 27.88, 116751, 143000, 1.54232, 0, 0, 0, 0, 0, 0, 0, 0),
(1035, 6, 10, 50710, '2017-11-22 06:59:47', 50775, '2017-11-22 23:10:29', 65, 38.83, 50764, 200000, 5.74298, 0, 0, 0, 0, 0, 0, 0, 0),
(1036, 16, 13, 212743, '2017-11-22 08:47:41', 212791, '2017-11-22 11:17:22', 48, 0, 0, 0, 0, 0, 0, 0, 0, 0, 0, 0, 0),
(1037, 7, 11, 153527, '2017-11-22 09:11:28', 153599, '2017-11-22 16:07:04', 72, 19.41, 153598, 100000, 7.41886, 0, 0, 0, 0, 0, 0, 0, 0),
(1038, 16, 13, 212792, '2017-11-22 12:42:16', 212828, '2017-11-22 14:43:42', 36, 0, 0, 0, 0, 0, 0, 0, 0, 0, 0, 0, 0),
(1039, 16, 11, 212828, '2017-11-22 16:52:01', 212859, '2017-11-22 19:07:21', 31, 0, 0, 0, 0, 0, 0, 0, 0, 0, 0, 0, 0),
(1040, 7, 10, 153599, '2017-11-23 07:41:40', 153748, '2017-11-23 19:15:33', 149, 19.41, 153742, 100000, 7.10974, 0, 0, 0, 0, 0, 0, 0, 0),
(1041, 6, 11, 50775, '2017-11-23 08:20:27', 50988, '2017-11-23 19:09:34', 213, 48.54, 50987, 250000, 0.432633, 0, 0, 0, 0, 0, 0, 0, 0),
(1042, 8, 9, 116753, '2017-11-23 08:57:09', 116799, '2017-11-23 16:26:15', 46, 23.3, 116794, 120000, 1.67382, 0, 0, 0, 0, 0, 0, 0, 0),
(1043, 16, 20, 212859, '2017-11-23 11:32:37', 212910, '2017-11-23 17:53:20', 51, 6.6, 212864, 50000, 20.4545, 0, 0, 0, 0, 0, 0, 0, 0),
(1044, 16, 20, 212910, '2017-11-23 19:05:17', 212926, '2017-11-23 20:29:44', 16, 0, 0, 0, 0, 0, 0, 0, 0, 0, 0, 0, 0),
(1045, 7, 10, 153748, '2017-11-24 07:17:45', 153891, '2017-11-24 19:37:12', 143, 38.83, 153880, 200000, 0.386299, 0, 0, 0, 0, 0, 0, 0, 0),
(1046, 8, 9, 116799, '2017-11-24 09:47:21', 116836, '2017-11-24 17:46:06', 37, 19.41, 116833, 100000, 2.62751, 0, 0, 0, 0, 0, 0, 0, 0),
(1047, 6, 20, 50989, '2017-11-24 11:30:44', 51016, '2017-11-24 18:18:33', 27, 29.12, 51008, 150000, 3.67445, 0, 0, 0, 0, 0, 0, 0, 0),
(1048, 16, 11, 212926, '2017-11-24 11:54:54', 212962, '2017-11-24 15:30:15', 36, 0, 0, 0, 0, 0, 0, 0, 0, 0, 0, 0, 0),
(1049, 6, 9, 0, '0000-00-00 00:00:00', 0, '0000-00-00 00:00:00', 0, 0, 0, 0, 0, 0, 0, 0, 0, 0, 0, 0, 0),
(1050, 16, 11, 212962, '2017-11-24 15:46:35', 213000, '2017-11-24 18:51:42', 38, 10.68, 212999, 80000, 3.65169, 0, 0, 0, 0, 0, 0, 0, 0),
(1051, 6, 10, 51016, '2017-11-25 06:25:09', 51131, '2017-11-25 17:54:00', 115, 38.84, 51115, 200000, 2.93512, 0, 0, 0, 0, 0, 0, 0, 0),
(1052, 7, 20, 153891, '2017-11-25 07:37:42', 153942, '2017-11-25 15:12:25', 51, 31.06, 153895, 160000, 3.0586, 0, 0, 0, 0, 0, 0, 0, 0),
(1053, 8, 9, 116836, '2017-11-25 11:37:44', 116886, '2017-11-25 15:55:59', 50, 15.53, 116884, 80000, 3.7991, 0, 0, 0, 0, 0, 0, 0, 0),
(1054, 16, 11, 213000, '2017-11-25 13:17:10', 213036, '2017-11-25 16:48:18', 36, 0, 0, 0, 0, 0, 0, 0, 0, 0, 0, 0, 0),
(1055, 10, 16, 73617, '2017-11-27 10:08:18', 73991, '2017-11-30 15:43:51', 374, 31.06, 73727, 160000, 7.05087, 36.89, 73946, 190000, 6.50583, 0, 0, 0, 0),
(1056, 14, 18, 63190, '2017-11-27 10:10:54', 63632, '2017-12-01 18:45:59', 442, 48.54, 63526, 250000, 2.10136, 19.417, 63628, 100000, 21.1155, 0, 0, 0, 0),
(1057, 7, 20, 153942, '2017-11-27 11:49:10', 153994, '2017-11-27 15:34:13', 52, 9.7, 153990, 50000, 3.29897, 0, 0, 0, 0, 0, 0, 0, 0),
(1058, 8, 10, 116886, '2017-11-27 12:32:22', 116947, '2017-11-27 18:31:50', 61, 9.7, 116943, 50000, 7.2165, 0, 0, 0, 0, 0, 0, 0, 0),
(1059, 16, 9, 213036, '2017-11-27 12:40:28', 213071, '2017-11-27 16:43:54', 35, 7.63, 213038, 50000, 17.9554, 0, 0, 0, 0, 0, 0, 0, 0),
(1060, 16, 9, 213071, '2017-11-27 17:15:25', 213097, '2017-11-27 20:11:41', 26, 0, 0, 0, 0, 0, 0, 0, 0, 0, 0, 0, 0),
(1061, 6, 10, 51131, '2017-11-28 06:32:30', 51233, '2017-11-28 19:23:34', 102, 29.12, 51229, 150000, 1.88874, 0, 0, 0, 0, 0, 0, 0, 0),
(1062, 16, 11, 213097, '2017-11-28 09:18:19', 213114, '2017-11-28 10:56:14', 17, 0, 0, 0, 0, 0, 0, 0, 0, 0, 0, 0, 0),
(1063, 7, 20, 153994, '2017-11-28 10:18:18', 154138, '2017-11-28 19:40:44', 144, 23.3, 154022, 120000, 5.1073, 0, 0, 0, 0, 0, 0, 0, 0),
(1064, 8, 9, 116947, '2017-11-28 10:22:00', 117014, '2017-11-28 17:47:18', 67, 19.41, 117013, 100000, 1.70015, 0, 0, 0, 0, 0, 0, 0, 0),
(1065, 16, 11, 213114, '2017-11-28 12:36:41', 213138, '2017-11-28 15:53:49', 24, 0, 0, 0, 0, 0, 0, 0, 0, 0, 0, 0, 0),
(1066, 16, 11, 213138, '2017-11-28 16:41:24', 213178, '2017-11-28 18:58:29', 40, 13.33, 213175, 100000, 1.65041, 0, 0, 0, 0, 0, 0, 0, 0),
(1067, 7, 10, 154138, '2017-11-29 07:14:04', 154241, '2017-11-29 19:46:00', 103, 38.83, 154141, 200000, 3.5282, 0, 0, 0, 0, 0, 0, 0, 0),
(1068, 8, 11, 117015, '2017-11-29 09:16:43', 117047, '2017-11-29 16:23:01', 32, 15.5, 117046, 80000, 3.03226, 0, 0, 0, 0, 0, 0, 0, 0),
(1069, 6, 20, 51233, '2017-11-29 09:22:49', 51305, '2017-11-29 18:21:02', 72, 29.12, 51284, 150000, 3.05632, 0, 0, 0, 0, 0, 0, 0, 0),
(1070, 16, 13, 213178, '2017-11-29 12:31:18', 213201, '2017-11-29 15:36:33', 23, 10.68, 213197, 80000, 10.9551, 0, 0, 0, 0, 0, 0, 0, 0),
(1071, 16, 13, 213201, '2017-11-29 17:21:12', 213238, '2017-11-29 20:04:45', 37, 0, 0, 0, 0, 0, 0, 0, 0, 0, 0, 0, 0),
(1072, 8, 11, 117047, '2017-11-29 17:46:25', 117063, '2017-11-29 19:15:53', 16, 0, 0, 0, 0, 0, 0, 0, 0, 0, 0, 0, 0),
(1073, 7, 20, 154241, '2017-11-30 05:40:59', 154496, '2017-11-30 22:29:51', 255, 38.83, 154278, 200000, 6.61859, 0, 0, 0, 0, 0, 0, 0, 0),
(1074, 6, 10, 51305, '2017-11-30 08:13:25', 51481, '2017-11-30 22:46:39', 176, 48.54, 51373, 250000, 2.32798, 0, 0, 0, 0, 0, 0, 0, 0),
(1075, 8, 9, 117063, '2017-11-30 09:22:55', 117094, '2017-11-30 17:36:59', 31, 15.5, 117093, 80000, 4.83871, 0, 0, 0, 0, 0, 0, 0, 0),
(1076, 16, 11, 213238, '2017-11-30 09:23:36', 213287, '2017-11-30 13:03:43', 49, 0, 0, 0, 0, 0, 0, 0, 0, 0, 0, 0, 0),
(1077, 16, 11, 213287, '2017-11-30 14:54:02', 213300, '2017-11-30 16:37:24', 13, 0, 0, 0, 0, 0, 0, 0, 0, 0, 0, 0, 0),
(1078, 16, 11, 213300, '2017-11-30 17:48:33', 213328, '2017-11-30 20:23:10', 28, 10.68, 213314, 80000, 39.2322, 0, 0, 0, 0, 0, 0, 0, 0),
(1079, 8, 10, 117099, '2017-12-02 09:00:43', 117225, '2017-12-02 18:59:09', 126, 29.12, 117168, 150000, 2.67857, 0, 0, 0, 0, 0, 0, 0, 0),
(1080, 7, 9, 154497, '2017-12-02 09:44:27', 154536, '2017-12-02 17:07:03', 39, 19.41, 154535, 100000, 8.65533, 0, 0, 0, 0, 0, 0, 0, 0),
(1081, 16, 11, 213328, '2017-12-02 09:46:16', 213346, '2017-12-02 13:06:56', 18, 0, 0, 0, 0, 0, 0, 0, 0, 0, 0, 0, 0),
(1082, 6, 20, 51481, '2017-12-02 10:29:20', 51553, '2017-12-02 18:08:29', 72, 29.12, 51486, 150000, 4.77335, 0, 0, 0, 0, 0, 0, 0, 0),
(1083, 16, 11, 213346, '2017-12-02 14:09:38', 213381, '2017-12-02 16:31:19', 35, 0, 0, 0, 0, 0, 0, 0, 0, 0, 0, 0, 0),
(1084, 16, 11, 213381, '2017-12-02 17:40:52', 213553, '2017-12-03 19:26:04', 172, 0, 0, 0, 0, 0, 0, 0, 0, 0, 0, 0, 0),
(1085, 7, 11, 154537, '2017-12-03 11:27:08', 154580, '2017-12-03 15:11:03', 43, 0, 0, 0, 0, 0, 0, 0, 0, 0, 0, 0, 0),
(1086, 16, 13, 213553, '2017-12-04 08:54:46', 213733, '2017-12-04 18:39:21', 180, 20, 213733, 150000, 1.85, 0, 0, 0, 0, 0, 0, 0, 0),
(1087, 14, 18, 63632, '2017-12-04 09:46:51', 64110, '2017-12-08 17:17:53', 478, 58.26, 64038, 300039, 1.16718, 9.709, 64106, 50000, 35.0191, 0, 0, 0, 0),
(1088, 10, 16, 73991, '2017-12-04 10:15:51', 74433, '2017-12-08 16:18:02', 442, 48.54, 74186, 250000, 4.14091, 23.24, 74387, 130000, 14.8451, 0, 0, 0, 0),
(1089, 7, 10, 154580, '2017-12-04 10:56:34', 154719, '2017-12-04 20:36:03', 139, 38.83, 154703, 200000, 1.87999, 0, 0, 0, 0, 0, 0, 0, 0),
(1090, 8, 9, 117225, '2017-12-04 11:24:02', 117262, '2017-12-04 17:20:27', 37, 27.18, 117246, 140000, 3.1273, 0, 0, 0, 0, 0, 0, 0, 0),
(1091, 6, 20, 51554, '2017-12-04 11:33:28', 51661, '2017-12-04 20:55:25', 107, 30, 51625, 154500, 3, 0, 0, 0, 0, 0, 0, 0, 0),
(1092, 12, 11, 19965, '2017-12-04 13:44:09', 19966, '2017-12-04 13:58:03', 1, 0, 0, 0, 0, 0, 0, 0, 0, 0, 0, 0, 0),
(1093, 12, 11, 19966, '2017-12-04 14:35:40', 19986, '2017-12-04 16:24:09', 20, 0, 0, 0, 0, 0, 0, 0, 0, 0, 0, 0, 0),
(1094, 7, 10, 154719, '2017-12-05 06:30:13', 154824, '2017-12-05 19:02:50', 105, 38.83, 154776, 200000, 4.79011, 0, 0, 0, 0, 0, 0, 0, 0),
(1095, 6, 20, 51661, '2017-12-05 07:17:50', 51801, '2017-12-05 16:32:25', 140, 19.41, 51715, 100000, 6.07934, 0, 0, 0, 0, 0, 0, 0, 0),
(1096, 16, 11, 213733, '2017-12-05 09:18:46', 213756, '2017-12-05 12:31:54', 23, 0, 0, 0, 0, 0, 0, 0, 0, 0, 0, 0, 0),
(1097, 8, 9, 117262, '2017-12-05 09:45:28', 117332, '2017-12-05 17:20:07', 70, 25.24, 117331, 130000, 1.14897, 0, 0, 0, 0, 0, 0, 0, 0),
(1098, 12, 15, 19986, '2017-12-05 13:54:31', 20026, '2017-12-05 16:42:55', 40, 0, 0, 0, 0, 0, 0, 0, 0, 0, 0, 0, 0),
(1099, 16, 11, 213756, '2017-12-05 14:45:39', 213772, '2017-12-05 16:43:11', 16, 10.68, 213770, 80000, 4.40075, 0, 0, 0, 0, 0, 0, 0, 0),
(1100, 16, 11, 213772, '2017-12-05 18:01:48', 213799, '2017-12-05 20:01:33', 27, 0, 0, 0, 0, 0, 0, 0, 0, 0, 0, 0, 0),
(1101, 7, 10, 154825, '2017-12-06 06:22:50', 154978, '2017-12-06 18:40:53', 153, 38.83, 154962, 200000, 4.3523, 0, 0, 0, 0, 0, 0, 0, 0),
(1102, 8, 9, 117332, '2017-12-06 09:10:41', 117362, '2017-12-06 14:55:28', 30, 15.5, 117360, 80000, 4.3871, 0, 0, 0, 0, 0, 0, 0, 0),
(1103, 6, 20, 51801, '2017-12-06 09:22:12', 51854, '2017-12-06 14:06:21', 53, 6.6, 51833, 35000, 12.2727, 0, 0, 0, 0, 0, 0, 0, 0),
(1104, 16, 11, 213799, '2017-12-06 12:10:23', 213815, '2017-12-06 15:22:22', 16, 0, 0, 0, 0, 0, 0, 0, 0, 0, 0, 0, 0),
(1105, 8, 11, 117362, '2017-12-06 17:18:24', 117390, '2017-12-06 20:08:07', 28, 0, 0, 0, 0, 0, 0, 0, 0, 0, 0, 0, 0),
(1106, 16, 13, 213815, '2017-12-06 17:19:55', 213935, '2017-12-07 07:04:36', 120, 13.33, 213817, 100000, 13.2033, 0, 0, 0, 0, 0, 0, 0, 0),
(1107, 6, 20, 51854, '2017-12-07 06:30:32', 52075, '2017-12-07 17:19:24', 221, 48.54, 51914, 250000, 4.82077, 0, 0, 0, 0, 0, 0, 0, 0),
(1108, 7, 10, 154978, '2017-12-07 07:46:45', 155147, '2017-12-07 19:14:55', 169, 38.83, 155131, 200000, 0.952872, 0, 0, 0, 0, 0, 0, 0, 0),
(1109, 11, 11, 539832, '2017-12-07 09:54:48', 0, '0000-00-00 00:00:00', 0, 0, 0, 0, 0, 0, 0, 0, 0, 0, 0, 0, 0),
(1110, 16, 13, 213935, '2017-12-07 10:03:08', 213979, '2017-12-07 13:27:28', 44, 0, 0, 0, 0, 0, 0, 0, 0, 0, 0, 0, 0),
(1111, 8, 9, 117390, '2017-12-07 10:18:11', 117429, '2017-12-07 17:00:30', 39, 19.41, 117428, 100000, 2.67903, 0, 0, 0, 0, 0, 0, 0, 0),
(1112, 16, 11, 213979, '2017-12-07 16:18:32', 214027, '2017-12-07 19:51:25', 48, 13.33, 213993, 100000, 9.75244, 0, 0, 0, 0, 0, 0, 0, 0),
(1113, 6, 10, 52076, '2017-12-08 07:39:02', 52193, '2017-12-08 19:56:41', 117, 38.83, 52148, 200000, 1.5967, 0, 0, 0, 0, 0, 0, 0, 0),
(1114, 7, 20, 155147, '2017-12-08 08:48:20', 155201, '2017-12-08 15:57:33', 54, 19.41, 155168, 100000, 8.80989, 0, 0, 0, 0, 0, 0, 0, 0),
(1115, 8, 9, 117430, '2017-12-08 08:48:57', 117481, '2017-12-08 16:39:39', 51, 19.41, 117480, 100000, 2.11231, 0, 0, 0, 0, 0, 0, 0, 0),
(1116, 16, 11, 214027, '2017-12-08 09:44:52', 214053, '2017-12-08 12:24:49', 26, 0, 0, 0, 0, 0, 0, 0, 0, 0, 0, 0, 0),
(1117, 16, 11, 214053, '2017-12-08 13:31:38', 214069, '2017-12-08 14:53:26', 16, 0, 0, 0, 0, 0, 0, 0, 0, 0, 0, 0, 0),
(1118, 16, 11, 214069, '2017-12-08 15:22:35', 214124, '2017-12-08 18:52:51', 55, 13.33, 214123, 100000, 4.72618, 0, 0, 0, 0, 0, 0, 0, 0),
(1119, 6, 20, 52194, '2017-12-09 06:35:49', 52263, '2017-12-09 17:26:30', 69, 31, 52210, 160000, 4.06452, 0, 0, 0, 0, 0, 0, 0, 0),
(1120, 7, 10, 155201, '2017-12-09 06:51:41', 155355, '2017-12-09 16:59:49', 154, 38.83, 155339, 200000, 2.80711, 0, 0, 0, 0, 0, 0, 0, 0),
(1121, 8, 9, 117481, '2017-12-09 08:22:16', 117522, '2017-12-09 15:35:20', 41, 19.41, 117521, 100000, 3.34879, 0, 0, 0, 0, 0, 0, 0, 0),
(1122, 16, 11, 214124, '2017-12-09 14:01:57', 214174, '2017-12-09 16:21:25', 50, 0, 0, 0, 0, 0, 0, 0, 0, 0, 0, 0, 0),
(1123, 16, 13, 214174, '2017-12-09 16:31:03', 214401, '2017-12-11 07:06:53', 227, 13.33, 214186, 100000, 21.0803, 0, 0, 0, 0, 0, 0, 0, 0),
(1124, 7, 10, 155356, '2017-12-11 10:02:45', 155501, '2017-12-12 09:21:52', 145, 29.12, 155448, 150000, 5.08242, 0, 0, 0, 0, 0, 0, 0, 0),
(1125, 6, 20, 52263, '2017-12-11 10:10:00', 52353, '2017-12-11 18:29:58', 90, 15.5, 52336, 80000, 7.54839, 0, 0, 0, 0, 0, 0, 0, 0),
(1126, 16, 11, 214401, '2017-12-11 10:13:00', 214425, '2017-12-11 13:18:54', 24, 0, 0, 0, 0, 0, 0, 0, 0, 0, 0, 0, 0),
(1128, 14, 18, 64110, '2017-12-11 11:24:23', 64541, '2017-12-15 21:23:46', 431, 48.54, 64446, 250000, 1.85414, 19.417, 64536, 100000, 17.5619, 0, 0, 0, 0),
(1129, 10, 16, 74433, '2017-12-11 12:29:23', 74973, '2017-12-15 16:47:54', 540, 40.777, 74732, 210000, 5.05187, 50.4, 74938, 260000, 7.53968, 0, 0, 0, 0),
(1130, 16, 11, 214425, '2017-12-11 15:30:02', 214470, '2017-12-11 18:36:39', 45, 9.3, 214467, 70000, 11.5054, 0, 0, 0, 0, 0, 0, 0, 0),
(1131, 8, 9, 117522, '2017-12-11 17:52:10', 117603, '2017-12-11 17:57:33', 81, 25.24, 117586, 130000, 3.01109, 0, 0, 0, 0, 0, 0, 0, 0),
(1132, 6, 20, 52353, '2017-12-12 09:23:28', 52458, '2017-12-12 15:46:07', 105, 19.41, 52453, 100000, 2.00927, 0, 0, 0, 0, 0, 0, 0, 0),
(1133, 8, 9, 117603, '2017-12-12 09:31:25', 117663, '2017-12-12 16:52:50', 60, 23.3, 117662, 120000, 1.54506, 0, 0, 0, 0, 0, 0, 0, 0),
(1134, 7, 10, 155501, '2017-12-12 09:39:15', 155607, '2017-12-12 20:02:10', 106, 29.12, 155596, 150000, 5.01374, 0, 0, 0, 0, 0, 0, 0, 0),
(1135, 16, 11, 214470, '2017-12-12 15:55:51', 214575, '2017-12-12 23:25:39', 105, 13.33, 214574, 100000, 4.65116, 0, 0, 0, 0, 0, 0, 0, 0),
(1136, 6, 20, 52458, '2017-12-13 05:24:11', 52521, '2017-12-14 00:10:57', 63, 19.41, 52492, 100000, 1.5456, 0, 0, 0, 0, 0, 0, 0, 0),
(1137, 7, 10, 155607, '2017-12-13 08:30:00', 155759, '2017-12-13 20:49:52', 152, 38.83, 155742, 200000, 4.40381, 0, 0, 0, 0, 0, 0, 0, 0),
(1138, 8, 9, 117663, '2017-12-13 08:40:21', 117698, '2017-12-13 17:48:27', 35, 19.41, 117698, 100000, 1.75167, 0, 0, 0, 0, 0, 0, 0, 0),
(1139, 16, 11, 214575, '2017-12-13 08:52:55', 214656, '2017-12-13 15:07:04', 81, 13.33, 214636, 100000, 6.82671, 0, 0, 0, 0, 0, 0, 0, 0),
(1140, 16, 11, 214656, '2017-12-13 16:21:30', 214687, '2017-12-13 19:34:19', 31, 0, 0, 0, 0, 0, 0, 0, 0, 0, 0, 0, 0),
(1141, 6, 20, 52521, '2017-12-14 06:54:12', 52638, '2017-12-14 13:27:28', 117, 27.18, 52522, 140000, 8.05739, 0, 0, 0, 0, 0, 0, 0, 0),
(1142, 7, 10, 155759, '2017-12-14 07:41:53', 155924, '2017-12-14 19:52:17', 165, 38.83, 155913, 200000, 1.51944, 0, 0, 0, 0, 0, 0, 0, 0),
(1143, 8, 9, 117698, '2017-12-14 08:46:29', 117734, '2017-12-14 16:52:38', 36, 23.3, 117732, 120000, 1.6309, 0, 0, 0, 0, 0, 0, 0, 0),
(1144, 12, 11, 0, '0000-00-00 00:00:00', 0, '0000-00-00 00:00:00', 0, 0, 0, 0, 0, 0, 0, 0, 0, 0, 0, 0, 0),
(1145, 12, 11, 0, '0000-00-00 00:00:00', 0, '0000-00-00 00:00:00', 0, 0, 0, 0, 0, 0, 0, 0, 0, 0, 0, 0, 0),
(1146, 12, 11, 20026, '2017-12-14 12:35:46', 20040, '2017-12-14 13:24:31', 14, 0, 0, 0, 0, 0, 0, 0, 0, 0, 0, 0, 0),
(1147, 16, 11, 214687, '2017-12-14 16:30:53', 214729, '2017-12-14 19:54:14', 42, 9.3, 214727, 70000, 23.2258, 0, 0, 0, 0, 0, 0, 0, 0),
(1148, 7, 10, 155924, '2017-12-15 08:45:28', 156025, '2017-12-15 20:23:04', 101, 29.12, 155972, 150000, 2.91896, 0, 0, 0, 0, 0, 0, 0, 0),
(1149, 6, 20, 52639, '2017-12-15 09:09:52', 52744, '2017-12-15 19:27:30', 105, 17.47, 52741, 89000, 5.38065, 0, 0, 0, 0, 0, 0, 0, 0),
(1150, 8, 9, 117734, '2017-12-15 09:18:49', 117795, '2017-12-15 16:53:44', 61, 23.3, 117770, 130000, 2.57511, 0, 0, 0, 0, 0, 0, 0, 0),
(1151, 16, 13, 214729, '2017-12-15 12:07:48', 214774, '2017-12-15 15:44:29', 45, 0, 0, 0, 0, 0, 0, 0, 0, 0, 0, 0, 0),
(1152, 12, 11, 20040, '2017-12-15 13:34:56', 20061, '2017-12-15 15:04:46', 21, 0, 0, 0, 0, 0, 0, 0, 0, 0, 0, 0, 0),
(1153, 16, 11, 214774, '2017-12-15 16:03:23', 214814, '2017-12-15 19:17:59', 40, 0, 0, 0, 0, 0, 0, 0, 0, 0, 0, 0, 0),
(1154, 6, 10, 52745, '2017-12-16 06:07:56', 52845, '2017-12-16 21:41:56', 100, 38.84, 52835, 2, 1.1586, 0, 0, 0, 0, 0, 0, 0, 0),
(1155, 7, 20, 156025, '2017-12-16 09:39:00', 156101, '2017-12-16 18:14:38', 76, 25.24, 156057, 130000, 4.95246, 0, 0, 0, 0, 0, 0, 0, 0),
(1156, 8, 9, 117796, '2017-12-16 10:41:53', 117834, '2017-12-16 17:17:36', 38, 25.24, 117830, 130000, 3.40729, 0, 0, 0, 0, 0, 0, 0, 0),
(1157, 12, 11, 20061, '2017-12-16 11:46:52', 20062, '2017-12-16 12:00:41', 1, 0, 0, 0, 0, 0, 0, 0, 0, 0, 0, 0, 0),
(1158, 16, 11, 214814, '2017-12-16 13:48:20', 214856, '2017-12-16 16:29:42', 42, 0, 0, 0, 0, 0, 0, 0, 0, 0, 0, 0, 0),
(1159, 14, 18, 64541, '2017-12-18 09:05:22', 65041, '2017-12-22 18:05:22', 500, 48.55, 64877, 250000, 3.25438, 19.417, 65035, 100000, 0, 0, 0, 0, 0),
(1160, 7, 10, 156101, '2017-12-18 09:20:24', 156193, '2017-12-18 19:33:39', 92, 38.83, 156182, 200000, 3.03889, 0, 0, 0, 0, 0, 0, 0, 0),
(1161, 8, 9, 117834, '2017-12-18 09:50:52', 117920, '2017-12-18 17:44:49', 86, 25.24, 117916, 130000, 2.45642, 0, 0, 0, 0, 0, 0, 0, 0),
(1162, 12, 11, 20062, '2017-12-18 10:14:02', 20094, '2017-12-18 13:19:24', 32, 0, 0, 0, 0, 0, 0, 0, 0, 0, 0, 0, 0),
(1163, 10, 16, 74973, '2017-12-18 11:21:09', 75528, '2017-12-22 16:16:50', 555, 52.76, 75318, 271714, 3.24109, 42.71, 75489, 220000, 0, 0, 0, 0, 0),
(1164, 16, 13, 214856, '2017-12-18 11:29:47', 215000, '2017-12-18 11:30:33', 144, 13.33, 214943, 100000, 15.5289, 0, 0, 0, 0, 0, 0, 0, 0),
(1165, 16, 11, 215000, '2017-12-18 15:28:05', 215034, '2017-12-18 18:25:18', 34, 0, 0, 0, 0, 0, 0, 0, 0, 0, 0, 0, 0),
(1166, 6, 20, 52845, '2017-12-18 19:49:58', 52905, '2017-12-18 20:56:06', 60, 19.41, 52880, 100000, 6.38846, 0, 0, 0, 0, 0, 0, 0, 0),
(1167, 7, 10, 156193, '2017-12-19 06:37:05', 156350, '2017-12-19 18:00:51', 157, 38.83, 156300, 200000, 3.09039, 0, 0, 0, 0, 0, 0, 0, 0),
(1168, 6, 20, 52909, '2017-12-19 09:57:33', 53041, '2017-12-19 19:36:57', 132, 19.41, 53004, 100000, 2.21535, 0, 0, 0, 0, 0, 0, 0, 0),
(1169, 8, 9, 117920, '2017-12-19 10:16:15', 117954, '2017-12-19 15:53:44', 34, 0, 0, 0, 0, 0, 0, 0, 0, 0, 0, 0, 0),
(1170, 16, 13, 215034, '2017-12-19 11:25:58', 215061, '2017-12-19 14:27:18', 27, 0, 0, 0, 0, 0, 0, 0, 0, 0, 0, 0, 0),
(1171, 12, 15, 20094, '2017-12-19 14:23:31', 20111, '2017-12-19 15:41:06', 17, 0, 0, 0, 0, 0, 0, 0, 0, 0, 0, 0, 0),
(1172, 8, 9, 117954, '2017-12-19 15:54:54', 117982, '2017-12-19 19:29:32', 28, 23.3, 117978, 120000, 1.6309, 0, 0, 0, 0, 0, 0, 0, 0),
(1173, 16, 13, 215061, '2017-12-19 16:29:51', 215098, '2017-12-19 20:20:05', 37, 0, 0, 0, 0, 0, 0, 0, 0, 0, 0, 0, 0),
(1174, 6, 20, 53041, '2017-12-20 06:10:23', 53107, '2017-12-20 23:26:46', 66, 31.3, 53047, 161200, 2.77955, 0, 0, 0, 0, 0, 0, 0, 0),
(1175, 7, 10, 156350, '2017-12-20 09:01:50', 156466, '2017-12-20 20:03:59', 116, 29.12, 156420, 150000, 6.18132, 0, 0, 0, 0, 0, 0, 0, 0),
(1176, 8, 9, 117982, '2017-12-20 10:08:09', 118017, '2017-12-20 16:26:10', 35, 19.41, 118016, 100000, 1.13344, 0, 0, 0, 0, 0, 0, 0, 0),
(1177, 16, 13, 215098, '2017-12-20 10:33:02', 215120, '2017-12-20 12:20:07', 22, 0, 0, 0, 0, 0, 0, 0, 0, 0, 0, 0, 0),
(1178, 16, 11, 215120, '2017-12-20 15:20:36', 215152, '2017-12-20 18:34:05', 32, 13.33, 215150, 100000, 8.02701, 0, 0, 0, 0, 0, 0, 0, 0),
(1179, 16, 11, 215152, '2017-12-20 18:44:15', 215178, '2017-12-20 20:12:53', 26, 0, 0, 0, 0, 0, 0, 0, 0, 0, 0, 0, 0),
(1180, 6, 20, 53107, '2017-12-21 06:38:08', 53241, '2017-12-21 18:30:29', 134, 29.12, 53134, 150000, 5.04808, 0, 0, 0, 0, 0, 0, 0, 0),
(1181, 7, 10, 156466, '2017-12-21 07:35:29', 156610, '2017-12-21 20:21:40', 144, 38.83, 156600, 200000, 2.83286, 0, 0, 0, 0, 0, 0, 0, 0),
(1182, 7, 10, 156610, '2017-12-21 20:20:30', 0, '0000-00-00 00:00:00', 0, 0, 0, 0, 0, 0, 0, 0, 0, 0, 0, 0, 0),
(1183, 16, 11, 215178, '2017-12-21 09:21:34', 215259, '2017-12-21 15:22:08', 81, 13.33, 215257, 100000, 7.12678, 0, 0, 0, 0, 0, 0, 0, 0),
(1184, 8, 9, 118017, '2017-12-21 09:51:43', 118041, '2017-12-21 16:14:55', 24, 15.5, 118038, 80000, 2.70968, 0, 0, 0, 0, 0, 0, 0, 0),
(1185, 16, 11, 215259, '2017-12-21 16:42:37', 215285, '2017-12-21 19:38:25', 26, 0, 0, 0, 0, 0, 0, 0, 0, 0, 0, 0, 0),
(1186, 8, 9, 118042, '2017-12-21 17:27:10', 118051, '2017-12-21 18:18:49', 9, 0, 0, 0, 0, 0, 0, 0, 0, 0, 0, 0, 0),
(1187, 6, 20, 53241, '2017-12-22 06:45:00', 53298, '2017-12-22 15:52:54', 57, 19.41, 53281, 100000, 0, 0, 0, 0, 0, 0, 0, 0, 0),
(1188, 7, 10, 156610, '2017-12-22 06:46:57', 156727, '2017-12-22 20:01:14', 117, 38.83, 156710, 200000, 0, 0, 0, 0, 0, 0, 0, 0, 0),
(1189, 16, 11, 215285, '2017-12-22 09:26:40', 215315, '2017-12-22 11:32:00', 30, 0, 0, 0, 0, 0, 0, 0, 0, 0, 0, 0, 0),
(1190, 8, 9, 118051, '2017-12-22 09:45:12', 118081, '2017-12-22 15:52:27', 30, 19.41, 118080, 100000, 0, 0, 0, 0, 0, 0, 0, 0, 0),
(1191, 16, 11, 215315, '2017-12-22 15:24:44', 215410, '2017-12-22 21:36:41', 95, 13.33, 215352, 100000, 0, 0, 0, 0, 0, 0, 0, 0, 0),
(1192, 6, 20, 53298, '2017-12-23 06:33:13', 53394, '2017-12-23 17:29:01', 96, 0, 0, 0, 0, 0, 0, 0, 0, 0, 0, 0, 0),
(1193, 7, 10, 156727, '2017-12-23 07:42:13', 156854, '2017-12-23 17:27:02', 127, 0, 0, 0, 0, 0, 0, 0, 0, 0, 0, 0, 0),
(1194, 8, 9, 118081, '2017-12-23 09:18:15', 118151, '2017-12-23 17:43:48', 70, 0, 0, 0, 0, 0, 0, 0, 0, 0, 0, 0, 0),
(1195, 16, 13, 215410, '2017-12-23 11:14:27', 215458, '2017-12-23 16:11:53', 48, 0, 0, 0, 0, 0, 0, 0, 0, 0, 0, 0, 0),
(1196, 16, 11, 215458, '2017-12-23 16:20:03', 215507, '2017-12-23 20:34:18', 49, 0, 0, 0, 0, 0, 0, 0, 0, 0, 0, 0, 0),
(1197, 14, 18, 65041, '2017-12-26 08:46:55', 0, '0000-00-00 00:00:00', 0, 0, 0, 0, 0, 0, 0, 0, 0, 0, 0, 0, 0),
(1198, 7, 10, 156854, '2017-12-26 09:42:17', 0, '0000-00-00 00:00:00', 0, 0, 0, 0, 0, 0, 0, 0, 0, 0, 0, 0, 0),
(1199, 10, 16, 75528, '2017-12-26 10:03:35', 0, '0000-00-00 00:00:00', 0, 0, 0, 0, 0, 0, 0, 0, 0, 0, 0, 0, 0);

-- --------------------------------------------------------

--
-- Table structure for table `mobil`
--

CREATE TABLE `mobil` (
  `id_mobil` int(11) NOT NULL,
  `no_mesin` varchar(15) NOT NULL,
  `no_rangka` varchar(20) NOT NULL,
  `no_bpkb` varchar(15) NOT NULL,
  `plat_no` varchar(12) NOT NULL,
  `id_dir` int(11) NOT NULL,
  `id_peg` int(11) NOT NULL,
  `type` varchar(20) NOT NULL,
  `type_code` int(11) NOT NULL,
  `no_seri_ban_a` text NOT NULL,
  `tgl_ganti_ban_a` datetime NOT NULL,
  `no_seri_ban_b` text NOT NULL,
  `tgl_ganti_ban_b` datetime NOT NULL,
  `no_seri_ban_c` text NOT NULL,
  `tgl_ganti_ban_c` datetime NOT NULL,
  `no_seri_ban_d` text NOT NULL,
  `tgl_ganti_ban_d` datetime NOT NULL,
  `no_seri_ban_e` text NOT NULL,
  `tgl_ganti_ban_e` datetime NOT NULL,
  `ms_ber_stnk` date NOT NULL,
  `ms_ber_keur` date NOT NULL,
  `photo` varchar(150) NOT NULL
) ENGINE=InnoDB DEFAULT CHARSET=utf8;

--
-- Dumping data for table `mobil`
--

INSERT INTO `mobil` (`id_mobil`, `no_mesin`, `no_rangka`, `no_bpkb`, `plat_no`, `id_dir`, `id_peg`, `type`, `type_code`, `no_seri_ban_a`, `tgl_ganti_ban_a`, `no_seri_ban_b`, `tgl_ganti_ban_b`, `no_seri_ban_c`, `tgl_ganti_ban_c`, `no_seri_ban_d`, `tgl_ganti_ban_d`, `no_seri_ban_e`, `tgl_ganti_ban_e`, `ms_ber_stnk`, `ms_ber_keur`, `photo`) VALUES
(1, 'MC80565', 'MHKM1BA3JDK184000', '-', 'F 1853 DW', 1, 1, 'Avanza', 2, 'DFL4113', '2017-07-29 06:43:47', 'DFL4113', '2017-07-29 06:48:21', 'DFL4113', '2017-07-29 06:48:21', 'DFL4313', '2017-07-29 06:43:47', 'DFL4113', '2017-07-29 06:48:21', '2018-05-17', '2018-10-17', 'harga-avanza-bekas.jpg'),
(6, '4D34TK67646', 'MHMFE74P4EK076257', '-', 'F 8372 AT', 6, 9, 'Colt Diesel Double', 1, 'SP106-131', '2017-08-09 05:04:54', 'SP106-131', '2017-08-09 05:04:54', 'SP106-59', '2017-08-09 05:04:54', 'SP106-59', '2017-08-09 05:04:54', '', '0000-00-00 00:00:00', '2017-08-04', '2017-09-21', 'engkel-box.jpg'),
(7, '4D34TJX0757', 'MHMFE71P1DK046166', '-', 'F 8564 AS', 6, 10, 'Colt Diesel Engkel', 1, 'SP091-25', '2017-08-09 05:04:29', 'SP091-25', '2017-08-09 05:04:29', 'SP091-26', '2017-08-09 05:04:29', 'SP091-24', '2017-08-09 05:04:29', '', '0000-00-00 00:00:00', '2017-12-17', '2017-10-02', 'engkel-box.jpg'),
(8, '4D34TG83259', 'MHMSE71P1BK028234', '-', 'F 8254 AN', 0, 20, 'Colt Diesel Engkel', 1, 'F4416', '2017-08-09 05:05:21', 'F2016', '2017-08-09 05:05:21', 'F4416', '2017-08-09 05:05:21', 'F2016', '2017-08-09 05:05:21', '', '0000-00-00 00:00:00', '2017-10-21', '2017-09-12', 'engkel-box.jpg'),
(10, '4D34T-J32769', 'MHMFE71P1DK041160', '-', 'F 8754 SN', 3, 16, 'Colt Diesel Engkel', 1, '', '0000-00-00 00:00:00', '', '0000-00-00 00:00:00', '', '0000-00-00 00:00:00', '', '0000-00-00 00:00:00', '', '0000-00-00 00:00:00', '2017-08-18', '2017-08-18', 'engkel-box.jpg'),
(11, '4D56CC75728', 'MHMLOPU397K00337', '-', 'F 8459 AI', 6, 11, 'L 300', 1, 'IA7298', '2017-08-09 05:01:50', 'IA7299', '2017-08-09 05:01:50', 'IA7174', '2017-08-09 05:01:50', 'IA5649', '2017-08-09 05:01:50', '', '0000-00-00 00:00:00', '2017-08-02', '2017-11-18', 'engkel-box.jpg'),
(12, 'KC52E1198904', 'MH1KC5217EK200365', '-', 'F 4453 DA', 6, 15, 'Motor Box', 1, '', '0000-00-00 00:00:00', '', '0000-00-00 00:00:00', '', '0000-00-00 00:00:00', '', '0000-00-00 00:00:00', '', '0000-00-00 00:00:00', '2017-09-17', '2017-05-22', 'engkel-box.jpg'),
(14, '4D34T-K33480', 'MHFME71P1EK048944', '-', 'F 8667 SN', 4, 18, 'Colt Diesel Engkel', 1, '', '0000-00-00 00:00:00', '', '0000-00-00 00:00:00', '', '0000-00-00 00:00:00', '', '0000-00-00 00:00:00', '', '0000-00-00 00:00:00', '2017-12-01', '2017-09-02', 'engkel-box.jpg'),
(16, 'DF28918', 'MHFM1BA2JAK025522', '-', 'B 1758 TFZ', 6, 13, 'Avanza', 1, '0225211-S', '2017-08-09 05:02:37', '0225211-S', '2017-08-09 05:02:37', 'PC519MF', '2017-08-09 05:02:37', 'PC519MF', '2017-08-09 05:02:37', '', '0000-00-00 00:00:00', '2018-03-13', '2021-01-14', 'harga-avanza-bekas.jpg'),
(17, 'MD36481', 'MHKM1BA2JEK049455', '-', 'F 1743 EE', 4, 19, 'Avanza', 2, '', '0000-00-00 00:00:00', '', '0000-00-00 00:00:00', '', '0000-00-00 00:00:00', '', '0000-00-00 00:00:00', '', '0000-00-00 00:00:00', '2017-12-06', '2017-12-06', 'harga-avanza-bekas.jpg');

-- --------------------------------------------------------

--
-- Table structure for table `pegawai`
--

CREATE TABLE `pegawai` (
  `id_peg` int(11) NOT NULL,
  `id_dir` int(11) NOT NULL,
  `NIP` int(9) NOT NULL,
  `nama_peg` varchar(30) NOT NULL,
  `jabatan` varchar(30) NOT NULL,
  `golongan` int(11) NOT NULL,
  `tpt_lhr` varchar(12) NOT NULL,
  `tgl_lhr` date NOT NULL,
  `alamat` text NOT NULL,
  `email` varchar(30) NOT NULL,
  `no_hp` varchar(13) NOT NULL,
  `no_sim` varchar(20) NOT NULL,
  `tgl_ber_sim` date NOT NULL
) ENGINE=InnoDB DEFAULT CHARSET=utf8;

--
-- Dumping data for table `pegawai`
--

INSERT INTO `pegawai` (`id_peg`, `id_dir`, `NIP`, `nama_peg`, `jabatan`, `golongan`, `tpt_lhr`, `tgl_lhr`, `alamat`, `email`, `no_hp`, `no_sim`, `tgl_ber_sim`) VALUES
(1, 1, 199503805, 'Didi Wulyanto', 'District Business Manager', 5, 'Teluk Bitung', '0000-00-00', 'JL. ELEKTRON V BLOK AA IV NO.5  SEMARANG', 'frengki.anggara@enseval.com', '081394478422', '', '0000-00-00'),
(9, 6, 201400434, 'Jajat Sudrajat', 'Driver', 1, 'Bogor', '1981-12-18', 'KP. CIMAHI RT. 028/06 DESA CIBOLANG KALER KEC. CISAAT KAB. SUKABUMI', '', '081511244211', '', '0000-00-00'),
(10, 6, 200106183, 'Agus Sukmana', 'Driver', 1, 'Bandung', '1974-08-16', 'LOJI GG. MESJID III RT 02/XI NO. 65 BOGOR', '', '-', '', '0000-00-00'),
(11, 6, 201302485, 'Iskandar', 'Driver', 1, 'Sukabumi', '1983-03-06', 'JL. RAYA CIBOLANG KALER RT 04 RW 02 CISAAT KAB. SUKABUMI', '', '085720668389', '', '0000-00-00'),
(13, 6, 199604350, 'Jajah Zahrudin', 'Trans Coord', 3, 'Bogor', '1973-03-12', 'Ciomas Rahayu Gg. Raden Omas\r\nRT 03 RW 01\r\nCiomas, Kab. Bogor', '', '-089508465397', '', '0000-00-00'),
(15, 6, 321463899, 'Rudi', 'Loper', 1, 'Sukabumi', '2017-05-22', 'Enseval', '', '-', '', '0000-00-00'),
(16, 3, 199904999, 'Edi Jayadi', 'Driver', 1, 'Garut', '1968-01-11', 'KOTA BATU RT 04/IV KEC. CIOMAS BOGOR\r\n', '', '081585384873', '', '0000-00-00'),
(17, 4, 201600200, 'Joni Suhata', 'Driver', 1, 'Cirebon', '1991-06-20', 'JL. SAFIR 8 NO. 162 RT. 003 RW. 001 KEL. BAROS KEC. BAROS KOTA SUKABUMI', '', '085797416772', '', '0000-00-00'),
(18, 4, 200207993, 'Deni Sutisna', 'Driver', 1, 'Bogor', '1976-12-08', 'JL. RANGGA MEKAR RT. 04/03 KP. MEKAR WANGI BOGOR 16132', '', '085723094428', '', '0000-00-00'),
(19, 4, 200700093, 'Ari Irawan', 'Field Sales Supervisor', 4, 'Bandung', '1979-07-19', 'Jl. KOPO BIHBUL  GG. H. IDRIS No. 2 RT. 004 RW.002 DESA SAYATI KEC. MARGAHAYU', '', '081343052182', '', '0000-00-00'),
(20, 0, 201300900, 'Hendra Kurniawan', 'Driver', 1, 'Bogor', '1984-07-29', '-', '', '-', '', '0000-00-00');

-- --------------------------------------------------------

--
-- Table structure for table `perp_keur`
--

CREATE TABLE `perp_keur` (
  `id_keur` int(11) NOT NULL,
  `kode_perp_keur` varchar(15) NOT NULL,
  `id_mobil` int(11) NOT NULL,
  `req_date` datetime NOT NULL DEFAULT CURRENT_TIMESTAMP,
  `app1_date` datetime NOT NULL,
  `app2_date` datetime NOT NULL,
  `closed_date` datetime NOT NULL,
  `status` enum('REQUESTED','APPROVED_1','APPROVED_2','CLOSED') NOT NULL,
  `cost_est` bigint(30) NOT NULL,
  `cost_real` bigint(30) NOT NULL,
  `kodeuser` varchar(10) NOT NULL
) ENGINE=InnoDB DEFAULT CHARSET=utf8;

--
-- Dumping data for table `perp_keur`
--

INSERT INTO `perp_keur` (`id_keur`, `kode_perp_keur`, `id_mobil`, `req_date`, `app1_date`, `app2_date`, `closed_date`, `status`, `cost_est`, `cost_real`, `kodeuser`) VALUES
(3, 'KEUR-320718651', 10, '2018-01-07 22:46:40', '0000-00-00 00:00:00', '0000-00-00 00:00:00', '0000-00-00 00:00:00', 'REQUESTED', 450000, 0, 'US-0908164');

-- --------------------------------------------------------

--
-- Table structure for table `perp_stnk`
--

CREATE TABLE `perp_stnk` (
  `id_stnk` int(11) NOT NULL,
  `kode_perp_stnk` varchar(15) NOT NULL,
  `id_mobil` int(11) NOT NULL,
  `req_date` datetime NOT NULL DEFAULT CURRENT_TIMESTAMP,
  `app1_date` datetime NOT NULL,
  `app2_date` datetime NOT NULL,
  `closed_date` datetime NOT NULL,
  `status` enum('REQUESTED','APPROVED_1','APPROVED_2','CLOSED') NOT NULL,
  `cost_est` bigint(30) NOT NULL,
  `cost_real` bigint(30) NOT NULL,
  `kodeuser` varchar(10) NOT NULL
) ENGINE=InnoDB DEFAULT CHARSET=utf8;

--
-- Dumping data for table `perp_stnk`
--

INSERT INTO `perp_stnk` (`id_stnk`, `kode_perp_stnk`, `id_mobil`, `req_date`, `app1_date`, `app2_date`, `closed_date`, `status`, `cost_est`, `cost_real`, `kodeuser`) VALUES
(2, 'STNK-112717679', 7, '2017-12-27 10:57:16', '2017-12-27 11:11:19', '2017-12-27 11:33:55', '2017-12-27 11:24:08', 'APPROVED_2', 300000, 0, 'US-0908164'),
(3, 'STNK-482717632', 11, '2017-12-27 12:00:55', '0000-00-00 00:00:00', '0000-00-00 00:00:00', '0000-00-00 00:00:00', 'REQUESTED', 250000, 0, 'US-0908164');

-- --------------------------------------------------------

--
-- Table structure for table `service`
--

CREATE TABLE `service` (
  `id_svc` int(11) NOT NULL,
  `kode_svc` varchar(13) NOT NULL,
  `id_mobil` int(11) NOT NULL,
  `id_bkl` int(11) NOT NULL,
  `req_date` datetime NOT NULL DEFAULT CURRENT_TIMESTAMP,
  `app1_date` datetime NOT NULL,
  `app2_date` datetime NOT NULL,
  `closed_date` datetime NOT NULL,
  `status` enum('REQUESTED','APPROVED_1','APPROVED_2','CLOSED') NOT NULL DEFAULT 'REQUESTED',
  `cost_est` bigint(30) NOT NULL,
  `cost_real` bigint(30) NOT NULL,
  `kodeuser` varchar(10) NOT NULL,
  `tax` bigint(30) NOT NULL
) ENGINE=InnoDB DEFAULT CHARSET=utf8;

--
-- Dumping data for table `service`
--

INSERT INTO `service` (`id_svc`, `kode_svc`, `id_mobil`, `id_bkl`, `req_date`, `app1_date`, `app2_date`, `closed_date`, `status`, `cost_est`, `cost_real`, `kodeuser`, `tax`) VALUES
(1, 'SVC-381517516', 17, 3, '2017-06-15 09:55:51', '2017-06-15 10:49:15', '2017-06-15 10:49:24', '2017-07-15 09:03:53', 'CLOSED', 2300300, 2500000, 'US-3523179', 230030),
(4, 'SVC-092417567', 16, 3, '2017-06-24 10:48:16', '2017-06-24 10:57:34', '2017-06-29 09:23:35', '0000-00-00 00:00:00', 'APPROVED_2', 300000, 0, 'US-0908164', 30000),
(6, 'SVC-432917461', 8, 3, '2017-06-29 09:38:53', '2017-06-29 11:15:17', '2017-07-04 10:13:44', '0000-00-00 00:00:00', 'APPROVED_2', 25000, 0, 'US-1623171', 2500),
(7, 'SVC-041217299', 10, 3, '2017-07-12 13:47:39', '2017-07-15 08:16:02', '2017-07-15 08:48:55', '0000-00-00 00:00:00', 'APPROVED_2', 325000, 0, 'US-2123179', 32500),
(15, 'SVC-451417063', 8, 3, '2017-07-14 12:51:59', '2017-07-28 13:36:53', '2017-07-29 08:38:56', '0000-00-00 00:00:00', 'APPROVED_2', 300000, 0, 'US-1623171', 30000),
(17, 'SVC-272717551', 1, 5, '2017-07-27 11:34:43', '2017-07-28 13:37:19', '2017-07-29 08:38:41', '2017-10-23 12:14:17', 'CLOSED', 1080008, 1080008, 'US-0823177', 108001),
(20, 'SVC-172917025', 14, 3, '2017-07-29 11:02:25', '2017-07-29 11:41:19', '2017-07-29 11:54:23', '0000-00-00 00:00:00', 'APPROVED_2', 650000, 0, 'US-3523179', 65000),
(21, 'SVC-380817641', 7, 3, '2017-08-08 09:59:48', '2017-08-08 12:02:38', '2017-08-08 12:12:51', '0000-00-00 00:00:00', 'APPROVED_2', 325000, 0, 'US-1623171', 32500),
(22, 'SVC-192517872', 11, 3, '2017-08-25 11:01:31', '2017-08-30 09:54:01', '2017-08-30 10:10:56', '0000-00-00 00:00:00', 'APPROVED_2', 300000, 0, 'US-1623171', 30000),
(23, 'SVC-162517138', 11, 4, '2017-08-25 11:02:37', '2017-08-30 09:54:05', '2017-08-30 10:10:34', '2017-12-05 14:35:40', 'CLOSED', 250000, 150000, 'US-1623171', 25000),
(24, 'SVC-552517156', 8, 3, '2017-09-25 10:13:06', '2017-09-25 10:28:22', '2017-09-25 10:32:02', '0000-00-00 00:00:00', 'APPROVED_2', 200000, 0, 'US-1623171', 20000),
(28, 'SVC-591817265', 10, 3, '2017-10-18 09:17:21', '2017-10-19 09:06:01', '2017-10-19 13:14:34', '0000-00-00 00:00:00', 'APPROVED_2', 300000, 0, 'US-2123179', 30000),
(29, 'SVC-381917884', 11, 3, '2017-10-19 08:07:51', '2017-10-19 09:06:22', '2017-10-19 13:14:03', '2017-10-20 09:50:45', 'CLOSED', 250000, 250000, 'US-1623171', 25000),
(30, 'SVC-521917126', 16, 3, '2017-10-19 09:09:59', '2017-10-19 13:36:47', '2017-10-19 13:54:55', '0000-00-00 00:00:00', 'APPROVED_2', 350000, 0, 'US-1623171', 35000),
(32, 'SVC-042317296', 17, 7, '2017-10-23 10:21:11', '2017-10-23 10:40:23', '2017-10-23 11:03:31', '2017-11-07 08:55:24', 'CLOSED', 2200000, 1915958, 'US-3523179', 220000),
(34, 'SVC-392517603', 1, 5, '2017-10-25 14:44:26', '2017-10-26 14:21:48', '2017-10-26 14:36:47', '2017-10-26 14:38:51', 'CLOSED', 713213, 713213, 'US-0823177', 71321),
(35, 'SVC-351017324', 16, 3, '2017-11-10 07:46:47', '2017-11-10 11:35:09', '2017-11-14 14:57:08', '2017-12-06 07:59:43', 'CLOSED', 300000, 250000, 'US-1623171', 30000),
(36, 'SVC-481817808', 14, 3, '2017-11-18 10:35:06', '2017-11-18 12:14:50', '2017-11-21 08:45:30', '2017-11-29 09:12:18', 'CLOSED', 300000, 260000, 'US-3523179', 30000),
(38, 'SVC-551617193', 10, 3, '2017-12-16 09:21:03', '0000-00-00 00:00:00', '0000-00-00 00:00:00', '0000-00-00 00:00:00', 'REQUESTED', 0, 0, 'US-3523179', 0);

-- --------------------------------------------------------

--
-- Table structure for table `sparepart`
--

CREATE TABLE `sparepart` (
  `id_sprt` int(11) NOT NULL,
  `id_bkl` int(11) NOT NULL,
  `nama_sprt` varchar(30) NOT NULL,
  `harga_sprt` bigint(30) NOT NULL
) ENGINE=InnoDB DEFAULT CHARSET=utf8;

--
-- Dumping data for table `sparepart`
--

INSERT INTO `sparepart` (`id_sprt`, `id_bkl`, `nama_sprt`, `harga_sprt`) VALUES
(16, 4, 'Ban', 575000),
(17, 3, 'Oil Filter', 100000),
(18, 3, 'Air Filter', 150000),
(19, 3, 'Lampu Rem', 50000),
(20, 3, 'Air Aki', 5000),
(21, 3, 'Lampu Rem', 50000),
(22, 3, 'Lampu Box', 25000),
(23, 3, 'Minyak Rem', 175000),
(24, 4, 'Ban Truck', 850000),
(25, 3, 'Master Rem', 1370000),
(26, 3, 'Pompa Rem', 1370000),
(27, 3, 'Stabilizer Link', 750000),
(28, 3, 'Karet Rem', 10000),
(29, 3, 'Filter Solar', 175000),
(30, 3, 'Klakson', 75000),
(31, 5, 'Oil Filter', 28500),
(32, 5, 'TMO SYN', 323000),
(33, 5, 'Brake Cleaner', 57427),
(34, 5, 'Engine Flush', 57427),
(35, 5, 'Injector Carbon', 207046),
(36, 5, 'Disc Clutch', 503500),
(37, 5, 'Bearing Clutch', 313500),
(38, 5, 'Cable Clutch', 218500),
(39, 5, 'Cover Clutch', 451250),
(40, 3, 'Lakher', 50000),
(41, 3, 'Lampu Depan', 50000),
(42, 3, 'Minyak Kopling', 35000),
(43, 3, 'Tairot', 350000),
(44, 3, 'Ball Joint', 350000),
(45, 3, 'Master Kopling', 170000),
(46, 3, 'Dark Link', 350000),
(47, 3, 'Arm', 1050000),
(48, 3, 'Aki', 1200000),
(49, 3, 'Seal Minyak Rem', 250000),
(50, 3, 'Sekring', 50000),
(51, 3, 'Kanvas Kopling', 300000),
(52, 3, 'Kanvas Kopling (Avanza)', 530000),
(53, 3, 'Dekrup', 425000),
(54, 3, 'Deklaher', 330000),
(55, 5, 'Chamber Clean', 224250),
(56, 5, 'Castrol MTF', 55517),
(57, 5, 'Plug Spark', 25650),
(58, 5, 'Brake Fluid', 42750),
(59, 5, 'Material Balancing', 21450),
(60, 7, 'Gasket 90430', 8775),
(61, 7, 'Gastek Plug', 6300),
(62, 7, 'Gasket 9004A', 6825),
(63, 7, 'Oil Filter', 29250),
(64, 7, 'Engine Flush', 57427),
(65, 7, 'Brake Cleaner', 57427),
(66, 7, 'Castrol MTF', 55517),
(67, 7, 'Plug Spark', 26325),
(68, 7, 'Air Filter', 93600),
(69, 7, 'Brake Fluid', 43875),
(70, 7, 'TMO Full OW-20', 156000),
(71, 3, 'Aki Avanza', 700000);

-- --------------------------------------------------------

--
-- Table structure for table `user_man`
--

CREATE TABLE `user_man` (
  `id_user` int(5) NOT NULL,
  `kodeUser` varchar(10) NOT NULL,
  `last_name` varchar(150) NOT NULL,
  `first_name` varchar(150) NOT NULL,
  `jk` varchar(50) NOT NULL,
  `alamat` varchar(150) NOT NULL,
  `no_hp` varchar(150) NOT NULL,
  `tgl_lahir` varchar(50) NOT NULL,
  `username` varchar(150) NOT NULL,
  `password` varchar(150) NOT NULL,
  `email` varchar(50) NOT NULL,
  `photo` varchar(150) NOT NULL,
  `akses` int(11) NOT NULL
) ENGINE=InnoDB DEFAULT CHARSET=latin1;

--
-- Dumping data for table `user_man`
--

INSERT INTO `user_man` (`id_user`, `kodeUser`, `last_name`, `first_name`, `jk`, `alamat`, `no_hp`, `tgl_lahir`, `username`, `password`, `email`, `photo`, `akses`) VALUES
(11, 'US-0908164', 'Brogrammer', 'EngiNerd', 'L', 'medan', '0999', '1997-02-01', 'superadmin', 'superadmin', 'frengki.anggara@enseval.com', 'il_340x270.1186456977_cx1g.jpg', 3),
(15, 'US-1617174', 'Enseval', 'Security', 'L', 'Jl. Raya Cibolang', '0856723541', '2017/05/17', 'security', 'enseval123', '', 'man-8.png', 4),
(16, 'US-1623171', 'Transportasi', 'Admin', 'L', 'Enseval', '0856123456', '2017/05/23', 'ski.exp', 'trans123', 'muhammad.sanjaya@enseval.com', 'IMG_20151119_085729 (480x640).jpg', 2),
(17, 'US-5423175', 'Ledger', 'General', 'P', 'Enseval', '0856123456', '2017/05/23', 'ski.gl', 'finance123', '', '435915-chelsea-islan.jpg', 5),
(18, 'US-2123179', 'KND', 'Admin', 'P', 'Enseval', '085672345611', '2017/05/23', 'ski.knd', 'knd123', 'mia.mawarsari@enseval.com', 'img1.jpg', 2),
(19, 'US-3523179', 'CHD', 'Admin', 'P', 'Enseval', '0856767859', '2017/05/23', 'ski.chd', 'chd123', 'septia.maulani@enseval.com', 'SS.jpg', 2),
(20, 'US-2323176', 'Pharma', 'Admin', 'P', 'Enseval', '0858678590', '2017/05/23', 'ski.phm', 'phm123', 'neng.ismi@enseval.com', '435915-chelsea-islan.jpg', 2),
(21, 'US-0823177', 'DBM', 'Sekretaris', 'P', 'Enseval', '0858678950', '2017/05/23', 'ski.sec', 'sec123', 'mayasari@enseval.com', 'img1.jpg', 2),
(23, 'US-5323179', 'Koordinator', 'Transportasi', 'L', 'Enseval', '3564563465436', '2017/05/23', 'trp.cor', 'trpcor123', 'jajah.zahrudin@enseval.com', 'man-8.png', 3),
(24, 'US-3427170', 'Sukabumi', 'DBM', 'L', 'Enseval', '0812607893', '2017/05/27', 'dbm_ski', 'welcomedbm', 'didi.wulyanto@enseval.com', 't3.jpg', 3);

--
-- Indexes for dumped tables
--

--
-- Indexes for table `bengkel`
--
ALTER TABLE `bengkel`
  ADD PRIMARY KEY (`id_bkl`),
  ADD UNIQUE KEY `kode_bkl` (`kode_bkl`);

--
-- Indexes for table `bensin`
--
ALTER TABLE `bensin`
  ADD PRIMARY KEY (`id_bensin`);

--
-- Indexes for table `detail_gs`
--
ALTER TABLE `detail_gs`
  ADD PRIMARY KEY (`id_detail`);

--
-- Indexes for table `detail_service`
--
ALTER TABLE `detail_service`
  ADD PRIMARY KEY (`id_detail`);

--
-- Indexes for table `direktorat`
--
ALTER TABLE `direktorat`
  ADD PRIMARY KEY (`id_dir`);

--
-- Indexes for table `ganti_sparepart`
--
ALTER TABLE `ganti_sparepart`
  ADD PRIMARY KEY (`id_spr`),
  ADD UNIQUE KEY `kode_spr` (`kode_spr`),
  ADD UNIQUE KEY `kode_spr_2` (`kode_spr`);

--
-- Indexes for table `kat_service`
--
ALTER TABLE `kat_service`
  ADD PRIMARY KEY (`id_serv`);

--
-- Indexes for table `kilometer`
--
ALTER TABLE `kilometer`
  ADD PRIMARY KEY (`id_km`);

--
-- Indexes for table `mobil`
--
ALTER TABLE `mobil`
  ADD PRIMARY KEY (`id_mobil`),
  ADD UNIQUE KEY `plat_no` (`plat_no`);

--
-- Indexes for table `pegawai`
--
ALTER TABLE `pegawai`
  ADD PRIMARY KEY (`id_peg`),
  ADD UNIQUE KEY `NIP` (`NIP`);

--
-- Indexes for table `perp_keur`
--
ALTER TABLE `perp_keur`
  ADD PRIMARY KEY (`id_keur`);

--
-- Indexes for table `perp_stnk`
--
ALTER TABLE `perp_stnk`
  ADD PRIMARY KEY (`id_stnk`);

--
-- Indexes for table `service`
--
ALTER TABLE `service`
  ADD PRIMARY KEY (`id_svc`),
  ADD UNIQUE KEY `kode_svc` (`kode_svc`),
  ADD UNIQUE KEY `kode_svc_2` (`kode_svc`);

--
-- Indexes for table `sparepart`
--
ALTER TABLE `sparepart`
  ADD PRIMARY KEY (`id_sprt`);

--
-- Indexes for table `user_man`
--
ALTER TABLE `user_man`
  ADD PRIMARY KEY (`id_user`),
  ADD UNIQUE KEY `kodeUser` (`kodeUser`);

--
-- AUTO_INCREMENT for dumped tables
--

--
-- AUTO_INCREMENT for table `bengkel`
--
ALTER TABLE `bengkel`
  MODIFY `id_bkl` int(11) NOT NULL AUTO_INCREMENT, AUTO_INCREMENT=9;
--
-- AUTO_INCREMENT for table `bensin`
--
ALTER TABLE `bensin`
  MODIFY `id_bensin` int(11) NOT NULL AUTO_INCREMENT, AUTO_INCREMENT=80;
--
-- AUTO_INCREMENT for table `detail_gs`
--
ALTER TABLE `detail_gs`
  MODIFY `id_detail` int(11) NOT NULL AUTO_INCREMENT, AUTO_INCREMENT=70;
--
-- AUTO_INCREMENT for table `detail_service`
--
ALTER TABLE `detail_service`
  MODIFY `id_detail` int(11) NOT NULL AUTO_INCREMENT, AUTO_INCREMENT=41;
--
-- AUTO_INCREMENT for table `direktorat`
--
ALTER TABLE `direktorat`
  MODIFY `id_dir` int(11) NOT NULL AUTO_INCREMENT, AUTO_INCREMENT=7;
--
-- AUTO_INCREMENT for table `ganti_sparepart`
--
ALTER TABLE `ganti_sparepart`
  MODIFY `id_spr` int(11) NOT NULL AUTO_INCREMENT, AUTO_INCREMENT=48;
--
-- AUTO_INCREMENT for table `kat_service`
--
ALTER TABLE `kat_service`
  MODIFY `id_serv` int(11) NOT NULL AUTO_INCREMENT, AUTO_INCREMENT=19;
--
-- AUTO_INCREMENT for table `kilometer`
--
ALTER TABLE `kilometer`
  MODIFY `id_km` int(11) NOT NULL AUTO_INCREMENT, AUTO_INCREMENT=1200;
--
-- AUTO_INCREMENT for table `mobil`
--
ALTER TABLE `mobil`
  MODIFY `id_mobil` int(11) NOT NULL AUTO_INCREMENT, AUTO_INCREMENT=18;
--
-- AUTO_INCREMENT for table `pegawai`
--
ALTER TABLE `pegawai`
  MODIFY `id_peg` int(11) NOT NULL AUTO_INCREMENT, AUTO_INCREMENT=21;
--
-- AUTO_INCREMENT for table `perp_keur`
--
ALTER TABLE `perp_keur`
  MODIFY `id_keur` int(11) NOT NULL AUTO_INCREMENT, AUTO_INCREMENT=4;
--
-- AUTO_INCREMENT for table `perp_stnk`
--
ALTER TABLE `perp_stnk`
  MODIFY `id_stnk` int(11) NOT NULL AUTO_INCREMENT, AUTO_INCREMENT=4;
--
-- AUTO_INCREMENT for table `service`
--
ALTER TABLE `service`
  MODIFY `id_svc` int(11) NOT NULL AUTO_INCREMENT, AUTO_INCREMENT=39;
--
-- AUTO_INCREMENT for table `sparepart`
--
ALTER TABLE `sparepart`
  MODIFY `id_sprt` int(11) NOT NULL AUTO_INCREMENT, AUTO_INCREMENT=72;
--
-- AUTO_INCREMENT for table `user_man`
--
ALTER TABLE `user_man`
  MODIFY `id_user` int(5) NOT NULL AUTO_INCREMENT, AUTO_INCREMENT=25;
/*!40101 SET CHARACTER_SET_CLIENT=@OLD_CHARACTER_SET_CLIENT */;
/*!40101 SET CHARACTER_SET_RESULTS=@OLD_CHARACTER_SET_RESULTS */;
/*!40101 SET COLLATION_CONNECTION=@OLD_COLLATION_CONNECTION */;
